term_name_en,slug,re_searchterms_home_url,definition_level_url,word_level_url,term_level_url,forrt_glossary_url_guess
AMNESIA,amnesia,https://forrt.org/apps/re-searchterms.html,https://forrt.org/apps/re-searchterms.html#definitions?term=amnesia,https://forrt.org/apps/re-searchterms.html#words?term=amnesia,https://forrt.org/apps/re-searchterms.html#terms?term=amnesia&mode=cooccurrence,https://forrt.org/glossary/amnesia
ARRIVE Guidelines,arrive_guidelines,https://forrt.org/apps/re-searchterms.html,https://forrt.org/apps/re-searchterms.html#definitions?term=arrive_guidelines,https://forrt.org/apps/re-searchterms.html#words?term=arrive_guidelines,https://forrt.org/apps/re-searchterms.html#terms?term=arrive_guidelines&mode=cooccurrence,https://forrt.org/glossary/arrive_guidelines
Abstract Bias,abstract_bias,https://forrt.org/apps/re-searchterms.html,https://forrt.org/apps/re-searchterms.html#definitions?term=abstract_bias,https://forrt.org/apps/re-searchterms.html#words?term=abstract_bias,https://forrt.org/apps/re-searchterms.html#terms?term=abstract_bias&mode=cooccurrence,https://forrt.org/glossary/abstract_bias
Academic Impact,academic_impact,https://forrt.org/apps/re-searchterms.html,https://forrt.org/apps/re-searchterms.html#definitions?term=academic_impact,https://forrt.org/apps/re-searchterms.html#words?term=academic_impact,https://forrt.org/apps/re-searchterms.html#terms?term=academic_impact&mode=cooccurrence,https://forrt.org/glossary/academic_impact
Accessibility,accessibility,https://forrt.org/apps/re-searchterms.html,https://forrt.org/apps/re-searchterms.html#definitions?term=accessibility,https://forrt.org/apps/re-searchterms.html#words?term=accessibility,https://forrt.org/apps/re-searchterms.html#terms?term=accessibility&mode=cooccurrence,https://forrt.org/glossary/accessibility
Ad hominem bias,ad_hominem_bias,https://forrt.org/apps/re-searchterms.html,https://forrt.org/apps/re-searchterms.html#definitions?term=ad_hominem_bias,https://forrt.org/apps/re-searchterms.html#words?term=ad_hominem_bias,https://forrt.org/apps/re-searchterms.html#terms?term=ad_hominem_bias&mode=cooccurrence,https://forrt.org/glossary/ad_hominem_bias
Adversarial (collaborative) commentary,adversarial_collaborative_commentary,https://forrt.org/apps/re-searchterms.html,https://forrt.org/apps/re-searchterms.html#definitions?term=adversarial_collaborative_commentary,https://forrt.org/apps/re-searchterms.html#words?term=adversarial_collaborative_commentary,https://forrt.org/apps/re-searchterms.html#terms?term=adversarial_collaborative_commentary&mode=cooccurrence,https://forrt.org/glossary/adversarial_collaborative_commentary
Adversarial collaboration,adversarial_collaboration,https://forrt.org/apps/re-searchterms.html,https://forrt.org/apps/re-searchterms.html#definitions?term=adversarial_collaboration,https://forrt.org/apps/re-searchterms.html#words?term=adversarial_collaboration,https://forrt.org/apps/re-searchterms.html#terms?term=adversarial_collaboration&mode=cooccurrence,https://forrt.org/glossary/adversarial_collaboration
Affiliation bias,affiliation_bias,https://forrt.org/apps/re-searchterms.html,https://forrt.org/apps/re-searchterms.html#definitions?term=affiliation_bias,https://forrt.org/apps/re-searchterms.html#words?term=affiliation_bias,https://forrt.org/apps/re-searchterms.html#terms?term=affiliation_bias&mode=cooccurrence,https://forrt.org/glossary/affiliation_bias
Aleatoric uncertainty,aleatoric_uncertainty,https://forrt.org/apps/re-searchterms.html,https://forrt.org/apps/re-searchterms.html#definitions?term=aleatoric_uncertainty,https://forrt.org/apps/re-searchterms.html#words?term=aleatoric_uncertainty,https://forrt.org/apps/re-searchterms.html#terms?term=aleatoric_uncertainty&mode=cooccurrence,https://forrt.org/glossary/aleatoric_uncertainty
Altmetrics,altmetrics,https://forrt.org/apps/re-searchterms.html,https://forrt.org/apps/re-searchterms.html#definitions?term=altmetrics,https://forrt.org/apps/re-searchterms.html#words?term=altmetrics,https://forrt.org/apps/re-searchterms.html#terms?term=altmetrics&mode=cooccurrence,https://forrt.org/glossary/altmetrics
Analytic Flexibility,analytic_flexibility,https://forrt.org/apps/re-searchterms.html,https://forrt.org/apps/re-searchterms.html#definitions?term=analytic_flexibility,https://forrt.org/apps/re-searchterms.html#words?term=analytic_flexibility,https://forrt.org/apps/re-searchterms.html#terms?term=analytic_flexibility&mode=cooccurrence,https://forrt.org/glossary/analytic_flexibility
Anonymity,anonymity,https://forrt.org/apps/re-searchterms.html,https://forrt.org/apps/re-searchterms.html#definitions?term=anonymity,https://forrt.org/apps/re-searchterms.html#words?term=anonymity,https://forrt.org/apps/re-searchterms.html#terms?term=anonymity&mode=cooccurrence,https://forrt.org/glossary/anonymity
Article Processing Charge (APC),article_processing_charge_apc,https://forrt.org/apps/re-searchterms.html,https://forrt.org/apps/re-searchterms.html#definitions?term=article_processing_charge_apc,https://forrt.org/apps/re-searchterms.html#words?term=article_processing_charge_apc,https://forrt.org/apps/re-searchterms.html#terms?term=article_processing_charge_apc&mode=cooccurrence,https://forrt.org/glossary/article_processing_charge_apc
Authorship,authorship,https://forrt.org/apps/re-searchterms.html,https://forrt.org/apps/re-searchterms.html#definitions?term=authorship,https://forrt.org/apps/re-searchterms.html#words?term=authorship,https://forrt.org/apps/re-searchterms.html#terms?term=authorship&mode=cooccurrence,https://forrt.org/glossary/authorship
Auxiliary Hypothesis,auxiliary_hypothesis,https://forrt.org/apps/re-searchterms.html,https://forrt.org/apps/re-searchterms.html#definitions?term=auxiliary_hypothesis,https://forrt.org/apps/re-searchterms.html#words?term=auxiliary_hypothesis,https://forrt.org/apps/re-searchterms.html#terms?term=auxiliary_hypothesis&mode=cooccurrence,https://forrt.org/glossary/auxiliary_hypothesis
BIDS data structure,bids_data_structure,https://forrt.org/apps/re-searchterms.html,https://forrt.org/apps/re-searchterms.html#definitions?term=bids_data_structure,https://forrt.org/apps/re-searchterms.html#words?term=bids_data_structure,https://forrt.org/apps/re-searchterms.html#terms?term=bids_data_structure&mode=cooccurrence,https://forrt.org/glossary/bids_data_structure
BIZARRE,bizarre,https://forrt.org/apps/re-searchterms.html,https://forrt.org/apps/re-searchterms.html#definitions?term=bizarre,https://forrt.org/apps/re-searchterms.html#words?term=bizarre,https://forrt.org/apps/re-searchterms.html#terms?term=bizarre&mode=cooccurrence,https://forrt.org/glossary/bizarre
Badges (Open Science),badges_open_science,https://forrt.org/apps/re-searchterms.html,https://forrt.org/apps/re-searchterms.html#definitions?term=badges_open_science,https://forrt.org/apps/re-searchterms.html#words?term=badges_open_science,https://forrt.org/apps/re-searchterms.html#terms?term=badges_open_science&mode=cooccurrence,https://forrt.org/glossary/badges_open_science
Bayes Factor,bayes_factor,https://forrt.org/apps/re-searchterms.html,https://forrt.org/apps/re-searchterms.html#definitions?term=bayes_factor,https://forrt.org/apps/re-searchterms.html#words?term=bayes_factor,https://forrt.org/apps/re-searchterms.html#terms?term=bayes_factor&mode=cooccurrence,https://forrt.org/glossary/bayes_factor
Bayesian Inference,bayesian_inference,https://forrt.org/apps/re-searchterms.html,https://forrt.org/apps/re-searchterms.html#definitions?term=bayesian_inference,https://forrt.org/apps/re-searchterms.html#words?term=bayesian_inference,https://forrt.org/apps/re-searchterms.html#terms?term=bayesian_inference&mode=cooccurrence,https://forrt.org/glossary/bayesian_inference
Bayesian Parameter Estimation,bayesian_parameter_estimation,https://forrt.org/apps/re-searchterms.html,https://forrt.org/apps/re-searchterms.html#definitions?term=bayesian_parameter_estimation,https://forrt.org/apps/re-searchterms.html#words?term=bayesian_parameter_estimation,https://forrt.org/apps/re-searchterms.html#terms?term=bayesian_parameter_estimation&mode=cooccurrence,https://forrt.org/glossary/bayesian_parameter_estimation
Bottom-up approach (to Open Scholarship),bottom_up_approach_to_open_scholarship,https://forrt.org/apps/re-searchterms.html,https://forrt.org/apps/re-searchterms.html#definitions?term=bottom_up_approach_to_open_scholarship,https://forrt.org/apps/re-searchterms.html#words?term=bottom_up_approach_to_open_scholarship,https://forrt.org/apps/re-searchterms.html#terms?term=bottom_up_approach_to_open_scholarship&mode=cooccurrence,https://forrt.org/glossary/bottom_up_approach_to_open_scholarship
Bracketing Interviews,bracketing_interviews,https://forrt.org/apps/re-searchterms.html,https://forrt.org/apps/re-searchterms.html#definitions?term=bracketing_interviews,https://forrt.org/apps/re-searchterms.html#words?term=bracketing_interviews,https://forrt.org/apps/re-searchterms.html#terms?term=bracketing_interviews&mode=cooccurrence,https://forrt.org/glossary/bracketing_interviews
Bropenscience,bropenscience,https://forrt.org/apps/re-searchterms.html,https://forrt.org/apps/re-searchterms.html#definitions?term=bropenscience,https://forrt.org/apps/re-searchterms.html#words?term=bropenscience,https://forrt.org/apps/re-searchterms.html#terms?term=bropenscience&mode=cooccurrence,https://forrt.org/glossary/bropenscience
CARKing,carking,https://forrt.org/apps/re-searchterms.html,https://forrt.org/apps/re-searchterms.html#definitions?term=carking,https://forrt.org/apps/re-searchterms.html#words?term=carking,https://forrt.org/apps/re-searchterms.html#terms?term=carking&mode=cooccurrence,https://forrt.org/glossary/carking
CKAN,ckan,https://forrt.org/apps/re-searchterms.html,https://forrt.org/apps/re-searchterms.html#definitions?term=ckan,https://forrt.org/apps/re-searchterms.html#words?term=ckan,https://forrt.org/apps/re-searchterms.html#terms?term=ckan&mode=cooccurrence,https://forrt.org/glossary/ckan
COAR Community Framework for Good Practices in Repositories,coar_community_framework_for_good_practices_in_repositories,https://forrt.org/apps/re-searchterms.html,https://forrt.org/apps/re-searchterms.html#definitions?term=coar_community_framework_for_good_practices_in_repositories,https://forrt.org/apps/re-searchterms.html#words?term=coar_community_framework_for_good_practices_in_repositories,https://forrt.org/apps/re-searchterms.html#terms?term=coar_community_framework_for_good_practices_in_repositories&mode=cooccurrence,https://forrt.org/glossary/coar_community_framework_for_good_practices_in_repositories
CRediT,credit,https://forrt.org/apps/re-searchterms.html,https://forrt.org/apps/re-searchterms.html#definitions?term=credit,https://forrt.org/apps/re-searchterms.html#words?term=credit,https://forrt.org/apps/re-searchterms.html#terms?term=credit&mode=cooccurrence,https://forrt.org/glossary/credit
Center for Open Science (COS),center_for_open_science_cos,https://forrt.org/apps/re-searchterms.html,https://forrt.org/apps/re-searchterms.html#definitions?term=center_for_open_science_cos,https://forrt.org/apps/re-searchterms.html#words?term=center_for_open_science_cos,https://forrt.org/apps/re-searchterms.html#terms?term=center_for_open_science_cos&mode=cooccurrence,https://forrt.org/glossary/center_for_open_science_cos
Citation Diversity Statement,citation_diversity_statement,https://forrt.org/apps/re-searchterms.html,https://forrt.org/apps/re-searchterms.html#definitions?term=citation_diversity_statement,https://forrt.org/apps/re-searchterms.html#words?term=citation_diversity_statement,https://forrt.org/apps/re-searchterms.html#terms?term=citation_diversity_statement&mode=cooccurrence,https://forrt.org/glossary/citation_diversity_statement
Citation bias,citation_bias,https://forrt.org/apps/re-searchterms.html,https://forrt.org/apps/re-searchterms.html#definitions?term=citation_bias,https://forrt.org/apps/re-searchterms.html#words?term=citation_bias,https://forrt.org/apps/re-searchterms.html#terms?term=citation_bias&mode=cooccurrence,https://forrt.org/glossary/citation_bias
Citizen Science,citizen_science,https://forrt.org/apps/re-searchterms.html,https://forrt.org/apps/re-searchterms.html#definitions?term=citizen_science,https://forrt.org/apps/re-searchterms.html#words?term=citizen_science,https://forrt.org/apps/re-searchterms.html#terms?term=citizen_science&mode=cooccurrence,https://forrt.org/glossary/citizen_science
Co-production,co_production,https://forrt.org/apps/re-searchterms.html,https://forrt.org/apps/re-searchterms.html#definitions?term=co_production,https://forrt.org/apps/re-searchterms.html#words?term=co_production,https://forrt.org/apps/re-searchterms.html#terms?term=co_production&mode=cooccurrence,https://forrt.org/glossary/co_production
Code review,code_review,https://forrt.org/apps/re-searchterms.html,https://forrt.org/apps/re-searchterms.html#definitions?term=code_review,https://forrt.org/apps/re-searchterms.html#words?term=code_review,https://forrt.org/apps/re-searchterms.html#terms?term=code_review&mode=cooccurrence,https://forrt.org/glossary/code_review
Codebook,codebook,https://forrt.org/apps/re-searchterms.html,https://forrt.org/apps/re-searchterms.html#definitions?term=codebook,https://forrt.org/apps/re-searchterms.html#words?term=codebook,https://forrt.org/apps/re-searchterms.html#terms?term=codebook&mode=cooccurrence,https://forrt.org/glossary/codebook
Collaborative Replication and Education Project (CREP),collaborative_replication_and_education_project_crep,https://forrt.org/apps/re-searchterms.html,https://forrt.org/apps/re-searchterms.html#definitions?term=collaborative_replication_and_education_project_crep,https://forrt.org/apps/re-searchterms.html#words?term=collaborative_replication_and_education_project_crep,https://forrt.org/apps/re-searchterms.html#terms?term=collaborative_replication_and_education_project_crep&mode=cooccurrence,https://forrt.org/glossary/collaborative_replication_and_education_project_crep
Committee on Best Practices in Data Analysis and Sharing (COBIDAS),committee_on_best_practices_in_data_analysis_and_sharing_cobidas,https://forrt.org/apps/re-searchterms.html,https://forrt.org/apps/re-searchterms.html#definitions?term=committee_on_best_practices_in_data_analysis_and_sharing_cobidas,https://forrt.org/apps/re-searchterms.html#words?term=committee_on_best_practices_in_data_analysis_and_sharing_cobidas,https://forrt.org/apps/re-searchterms.html#terms?term=committee_on_best_practices_in_data_analysis_and_sharing_cobidas&mode=cooccurrence,https://forrt.org/glossary/committee_on_best_practices_in_data_analysis_and_sharing_cobidas
Communality,communality,https://forrt.org/apps/re-searchterms.html,https://forrt.org/apps/re-searchterms.html#definitions?term=communality,https://forrt.org/apps/re-searchterms.html#words?term=communality,https://forrt.org/apps/re-searchterms.html#terms?term=communality&mode=cooccurrence,https://forrt.org/glossary/communality
Community Projects,community_projects,https://forrt.org/apps/re-searchterms.html,https://forrt.org/apps/re-searchterms.html#definitions?term=community_projects,https://forrt.org/apps/re-searchterms.html#words?term=community_projects,https://forrt.org/apps/re-searchterms.html#terms?term=community_projects&mode=cooccurrence,https://forrt.org/glossary/community_projects
Compendium,compendium,https://forrt.org/apps/re-searchterms.html,https://forrt.org/apps/re-searchterms.html#definitions?term=compendium,https://forrt.org/apps/re-searchterms.html#words?term=compendium,https://forrt.org/apps/re-searchterms.html#terms?term=compendium&mode=cooccurrence,https://forrt.org/glossary/compendium
Computational reproducibility,computational_reproducibility,https://forrt.org/apps/re-searchterms.html,https://forrt.org/apps/re-searchterms.html#definitions?term=computational_reproducibility,https://forrt.org/apps/re-searchterms.html#words?term=computational_reproducibility,https://forrt.org/apps/re-searchterms.html#terms?term=computational_reproducibility&mode=cooccurrence,https://forrt.org/glossary/computational_reproducibility
Conceptual replication,conceptual_replication,https://forrt.org/apps/re-searchterms.html,https://forrt.org/apps/re-searchterms.html#definitions?term=conceptual_replication,https://forrt.org/apps/re-searchterms.html#words?term=conceptual_replication,https://forrt.org/apps/re-searchterms.html#terms?term=conceptual_replication&mode=cooccurrence,https://forrt.org/glossary/conceptual_replication
Confirmation bias,confirmation_bias,https://forrt.org/apps/re-searchterms.html,https://forrt.org/apps/re-searchterms.html#definitions?term=confirmation_bias,https://forrt.org/apps/re-searchterms.html#words?term=confirmation_bias,https://forrt.org/apps/re-searchterms.html#terms?term=confirmation_bias&mode=cooccurrence,https://forrt.org/glossary/confirmation_bias
Confirmatory analyses,confirmatory_analyses,https://forrt.org/apps/re-searchterms.html,https://forrt.org/apps/re-searchterms.html#definitions?term=confirmatory_analyses,https://forrt.org/apps/re-searchterms.html#words?term=confirmatory_analyses,https://forrt.org/apps/re-searchterms.html#terms?term=confirmatory_analyses&mode=cooccurrence,https://forrt.org/glossary/confirmatory_analyses
Conflict of interest,conflict_of_interest,https://forrt.org/apps/re-searchterms.html,https://forrt.org/apps/re-searchterms.html#definitions?term=conflict_of_interest,https://forrt.org/apps/re-searchterms.html#words?term=conflict_of_interest,https://forrt.org/apps/re-searchterms.html#terms?term=conflict_of_interest&mode=cooccurrence,https://forrt.org/glossary/conflict_of_interest
Consortium authorship,consortium_authorship,https://forrt.org/apps/re-searchterms.html,https://forrt.org/apps/re-searchterms.html#definitions?term=consortium_authorship,https://forrt.org/apps/re-searchterms.html#words?term=consortium_authorship,https://forrt.org/apps/re-searchterms.html#terms?term=consortium_authorship&mode=cooccurrence,https://forrt.org/glossary/consortium_authorship
Constraints on Generality (COG),constraints_on_generality_cog,https://forrt.org/apps/re-searchterms.html,https://forrt.org/apps/re-searchterms.html#definitions?term=constraints_on_generality_cog,https://forrt.org/apps/re-searchterms.html#words?term=constraints_on_generality_cog,https://forrt.org/apps/re-searchterms.html#terms?term=constraints_on_generality_cog&mode=cooccurrence,https://forrt.org/glossary/constraints_on_generality_cog
Construct validity,construct_validity,https://forrt.org/apps/re-searchterms.html,https://forrt.org/apps/re-searchterms.html#definitions?term=construct_validity,https://forrt.org/apps/re-searchterms.html#words?term=construct_validity,https://forrt.org/apps/re-searchterms.html#terms?term=construct_validity&mode=cooccurrence,https://forrt.org/glossary/construct_validity
Content validity,content_validity,https://forrt.org/apps/re-searchterms.html,https://forrt.org/apps/re-searchterms.html#definitions?term=content_validity,https://forrt.org/apps/re-searchterms.html#words?term=content_validity,https://forrt.org/apps/re-searchterms.html#terms?term=content_validity&mode=cooccurrence,https://forrt.org/glossary/content_validity
Contribution,contribution,https://forrt.org/apps/re-searchterms.html,https://forrt.org/apps/re-searchterms.html#definitions?term=contribution,https://forrt.org/apps/re-searchterms.html#words?term=contribution,https://forrt.org/apps/re-searchterms.html#terms?term=contribution&mode=cooccurrence,https://forrt.org/glossary/contribution
Corrigendum,corrigendum,https://forrt.org/apps/re-searchterms.html,https://forrt.org/apps/re-searchterms.html#definitions?term=corrigendum,https://forrt.org/apps/re-searchterms.html#words?term=corrigendum,https://forrt.org/apps/re-searchterms.html#terms?term=corrigendum&mode=cooccurrence,https://forrt.org/glossary/corrigendum
Creative Commons (CC) license,creative_commons_cc_license,https://forrt.org/apps/re-searchterms.html,https://forrt.org/apps/re-searchterms.html#definitions?term=creative_commons_cc_license,https://forrt.org/apps/re-searchterms.html#words?term=creative_commons_cc_license,https://forrt.org/apps/re-searchterms.html#terms?term=creative_commons_cc_license&mode=cooccurrence,https://forrt.org/glossary/creative_commons_cc_license
Creative destruction approach to replication,creative_destruction_approach_to_replication,https://forrt.org/apps/re-searchterms.html,https://forrt.org/apps/re-searchterms.html#definitions?term=creative_destruction_approach_to_replication,https://forrt.org/apps/re-searchterms.html#words?term=creative_destruction_approach_to_replication,https://forrt.org/apps/re-searchterms.html#terms?term=creative_destruction_approach_to_replication&mode=cooccurrence,https://forrt.org/glossary/creative_destruction_approach_to_replication
Credibility revolution,credibility_revolution,https://forrt.org/apps/re-searchterms.html,https://forrt.org/apps/re-searchterms.html#definitions?term=credibility_revolution,https://forrt.org/apps/re-searchterms.html#words?term=credibility_revolution,https://forrt.org/apps/re-searchterms.html#terms?term=credibility_revolution&mode=cooccurrence,https://forrt.org/glossary/credibility_revolution
Criterion validity,criterion_validity,https://forrt.org/apps/re-searchterms.html,https://forrt.org/apps/re-searchterms.html#definitions?term=criterion_validity,https://forrt.org/apps/re-searchterms.html#words?term=criterion_validity,https://forrt.org/apps/re-searchterms.html#terms?term=criterion_validity&mode=cooccurrence,https://forrt.org/glossary/criterion_validity
Crowdsourced Research,crowdsourced_research,https://forrt.org/apps/re-searchterms.html,https://forrt.org/apps/re-searchterms.html#definitions?term=crowdsourced_research,https://forrt.org/apps/re-searchterms.html#words?term=crowdsourced_research,https://forrt.org/apps/re-searchterms.html#terms?term=crowdsourced_research&mode=cooccurrence,https://forrt.org/glossary/crowdsourced_research
Cultural taxation,cultural_taxation,https://forrt.org/apps/re-searchterms.html,https://forrt.org/apps/re-searchterms.html#definitions?term=cultural_taxation,https://forrt.org/apps/re-searchterms.html#words?term=cultural_taxation,https://forrt.org/apps/re-searchterms.html#terms?term=cultural_taxation&mode=cooccurrence,https://forrt.org/glossary/cultural_taxation
Cumulative science,cumulative_science,https://forrt.org/apps/re-searchterms.html,https://forrt.org/apps/re-searchterms.html#definitions?term=cumulative_science,https://forrt.org/apps/re-searchterms.html#words?term=cumulative_science,https://forrt.org/apps/re-searchterms.html#terms?term=cumulative_science&mode=cooccurrence,https://forrt.org/glossary/cumulative_science
DOI (digital object identifier),doi_digital_object_identifier,https://forrt.org/apps/re-searchterms.html,https://forrt.org/apps/re-searchterms.html#definitions?term=doi_digital_object_identifier,https://forrt.org/apps/re-searchterms.html#words?term=doi_digital_object_identifier,https://forrt.org/apps/re-searchterms.html#terms?term=doi_digital_object_identifier&mode=cooccurrence,https://forrt.org/glossary/doi_digital_object_identifier
DORA,dora,https://forrt.org/apps/re-searchterms.html,https://forrt.org/apps/re-searchterms.html#definitions?term=dora,https://forrt.org/apps/re-searchterms.html#words?term=dora,https://forrt.org/apps/re-searchterms.html#terms?term=dora&mode=cooccurrence,https://forrt.org/glossary/dora
Data Access and Research Transparency (DA-RT),data_access_and_research_transparency_da_rt,https://forrt.org/apps/re-searchterms.html,https://forrt.org/apps/re-searchterms.html#definitions?term=data_access_and_research_transparency_da_rt,https://forrt.org/apps/re-searchterms.html#words?term=data_access_and_research_transparency_da_rt,https://forrt.org/apps/re-searchterms.html#terms?term=data_access_and_research_transparency_da_rt&mode=cooccurrence,https://forrt.org/glossary/data_access_and_research_transparency_da_rt
Data management plan (DMP),data_management_plan_dmp,https://forrt.org/apps/re-searchterms.html,https://forrt.org/apps/re-searchterms.html#definitions?term=data_management_plan_dmp,https://forrt.org/apps/re-searchterms.html#words?term=data_management_plan_dmp,https://forrt.org/apps/re-searchterms.html#terms?term=data_management_plan_dmp&mode=cooccurrence,https://forrt.org/glossary/data_management_plan_dmp
Data sharing,data_sharing,https://forrt.org/apps/re-searchterms.html,https://forrt.org/apps/re-searchterms.html#definitions?term=data_sharing,https://forrt.org/apps/re-searchterms.html#words?term=data_sharing,https://forrt.org/apps/re-searchterms.html#terms?term=data_sharing&mode=cooccurrence,https://forrt.org/glossary/data_sharing
Data visualisation,data_visualisation,https://forrt.org/apps/re-searchterms.html,https://forrt.org/apps/re-searchterms.html#definitions?term=data_visualisation,https://forrt.org/apps/re-searchterms.html#words?term=data_visualisation,https://forrt.org/apps/re-searchterms.html#terms?term=data_visualisation&mode=cooccurrence,https://forrt.org/glossary/data_visualisation
Decolonisation,decolonisation,https://forrt.org/apps/re-searchterms.html,https://forrt.org/apps/re-searchterms.html#definitions?term=decolonisation,https://forrt.org/apps/re-searchterms.html#words?term=decolonisation,https://forrt.org/apps/re-searchterms.html#terms?term=decolonisation&mode=cooccurrence,https://forrt.org/glossary/decolonisation
Demarcation criterion,demarcation_criterion,https://forrt.org/apps/re-searchterms.html,https://forrt.org/apps/re-searchterms.html#definitions?term=demarcation_criterion,https://forrt.org/apps/re-searchterms.html#words?term=demarcation_criterion,https://forrt.org/apps/re-searchterms.html#terms?term=demarcation_criterion&mode=cooccurrence,https://forrt.org/glossary/demarcation_criterion
Direct replication,direct_replication,https://forrt.org/apps/re-searchterms.html,https://forrt.org/apps/re-searchterms.html#definitions?term=direct_replication,https://forrt.org/apps/re-searchterms.html#words?term=direct_replication,https://forrt.org/apps/re-searchterms.html#terms?term=direct_replication&mode=cooccurrence,https://forrt.org/glossary/direct_replication
Diversity,diversity,https://forrt.org/apps/re-searchterms.html,https://forrt.org/apps/re-searchterms.html#definitions?term=diversity,https://forrt.org/apps/re-searchterms.html#words?term=diversity,https://forrt.org/apps/re-searchterms.html#terms?term=diversity&mode=cooccurrence,https://forrt.org/glossary/diversity
Double consciousness,double_consciousness,https://forrt.org/apps/re-searchterms.html,https://forrt.org/apps/re-searchterms.html#definitions?term=double_consciousness,https://forrt.org/apps/re-searchterms.html#words?term=double_consciousness,https://forrt.org/apps/re-searchterms.html#terms?term=double_consciousness&mode=cooccurrence,https://forrt.org/glossary/double_consciousness
Double-blind peer review,double_blind_peer_review,https://forrt.org/apps/re-searchterms.html,https://forrt.org/apps/re-searchterms.html#definitions?term=double_blind_peer_review,https://forrt.org/apps/re-searchterms.html#words?term=double_blind_peer_review,https://forrt.org/apps/re-searchterms.html#terms?term=double_blind_peer_review&mode=cooccurrence,https://forrt.org/glossary/double_blind_peer_review
Early career researchers (ECRs),early_career_researchers_ecrs,https://forrt.org/apps/re-searchterms.html,https://forrt.org/apps/re-searchterms.html#definitions?term=early_career_researchers_ecrs,https://forrt.org/apps/re-searchterms.html#words?term=early_career_researchers_ecrs,https://forrt.org/apps/re-searchterms.html#terms?term=early_career_researchers_ecrs&mode=cooccurrence,https://forrt.org/glossary/early_career_researchers_ecrs
Economic and societal impact,economic_and_societal_impact,https://forrt.org/apps/re-searchterms.html,https://forrt.org/apps/re-searchterms.html#definitions?term=economic_and_societal_impact,https://forrt.org/apps/re-searchterms.html#words?term=economic_and_societal_impact,https://forrt.org/apps/re-searchterms.html#terms?term=economic_and_societal_impact&mode=cooccurrence,https://forrt.org/glossary/economic_and_societal_impact
Embargo Period,embargo_period,https://forrt.org/apps/re-searchterms.html,https://forrt.org/apps/re-searchterms.html#definitions?term=embargo_period,https://forrt.org/apps/re-searchterms.html#words?term=embargo_period,https://forrt.org/apps/re-searchterms.html#terms?term=embargo_period&mode=cooccurrence,https://forrt.org/glossary/embargo_period
Epistemic uncertainty,epistemic_uncertainty,https://forrt.org/apps/re-searchterms.html,https://forrt.org/apps/re-searchterms.html#definitions?term=epistemic_uncertainty,https://forrt.org/apps/re-searchterms.html#words?term=epistemic_uncertainty,https://forrt.org/apps/re-searchterms.html#terms?term=epistemic_uncertainty&mode=cooccurrence,https://forrt.org/glossary/epistemic_uncertainty
Epistemology,epistemology,https://forrt.org/apps/re-searchterms.html,https://forrt.org/apps/re-searchterms.html#definitions?term=epistemology,https://forrt.org/apps/re-searchterms.html#words?term=epistemology,https://forrt.org/apps/re-searchterms.html#terms?term=epistemology&mode=cooccurrence,https://forrt.org/glossary/epistemology
Equity,equity,https://forrt.org/apps/re-searchterms.html,https://forrt.org/apps/re-searchterms.html#definitions?term=equity,https://forrt.org/apps/re-searchterms.html#words?term=equity,https://forrt.org/apps/re-searchterms.html#terms?term=equity&mode=cooccurrence,https://forrt.org/glossary/equity
Equivalence Testing,equivalence_testing,https://forrt.org/apps/re-searchterms.html,https://forrt.org/apps/re-searchterms.html#definitions?term=equivalence_testing,https://forrt.org/apps/re-searchterms.html#words?term=equivalence_testing,https://forrt.org/apps/re-searchterms.html#terms?term=equivalence_testing&mode=cooccurrence,https://forrt.org/glossary/equivalence_testing
Error detection,error_detection,https://forrt.org/apps/re-searchterms.html,https://forrt.org/apps/re-searchterms.html#definitions?term=error_detection,https://forrt.org/apps/re-searchterms.html#words?term=error_detection,https://forrt.org/apps/re-searchterms.html#terms?term=error_detection&mode=cooccurrence,https://forrt.org/glossary/error_detection
Evidence Synthesis,evidence_synthesis,https://forrt.org/apps/re-searchterms.html,https://forrt.org/apps/re-searchterms.html#definitions?term=evidence_synthesis,https://forrt.org/apps/re-searchterms.html#words?term=evidence_synthesis,https://forrt.org/apps/re-searchterms.html#terms?term=evidence_synthesis&mode=cooccurrence,https://forrt.org/glossary/evidence_synthesis
Exploratory data analysis,exploratory_data_analysis,https://forrt.org/apps/re-searchterms.html,https://forrt.org/apps/re-searchterms.html#definitions?term=exploratory_data_analysis,https://forrt.org/apps/re-searchterms.html#words?term=exploratory_data_analysis,https://forrt.org/apps/re-searchterms.html#terms?term=exploratory_data_analysis&mode=cooccurrence,https://forrt.org/glossary/exploratory_data_analysis
External Validity,external_validity,https://forrt.org/apps/re-searchterms.html,https://forrt.org/apps/re-searchterms.html#definitions?term=external_validity,https://forrt.org/apps/re-searchterms.html#words?term=external_validity,https://forrt.org/apps/re-searchterms.html#terms?term=external_validity&mode=cooccurrence,https://forrt.org/glossary/external_validity
FAIR principles,fair_principles,https://forrt.org/apps/re-searchterms.html,https://forrt.org/apps/re-searchterms.html#definitions?term=fair_principles,https://forrt.org/apps/re-searchterms.html#words?term=fair_principles,https://forrt.org/apps/re-searchterms.html#terms?term=fair_principles&mode=cooccurrence,https://forrt.org/glossary/fair_principles
FORRT,forrt,https://forrt.org/apps/re-searchterms.html,https://forrt.org/apps/re-searchterms.html#definitions?term=forrt,https://forrt.org/apps/re-searchterms.html#words?term=forrt,https://forrt.org/apps/re-searchterms.html#terms?term=forrt&mode=cooccurrence,https://forrt.org/glossary/forrt
Face validity,face_validity,https://forrt.org/apps/re-searchterms.html,https://forrt.org/apps/re-searchterms.html#definitions?term=face_validity,https://forrt.org/apps/re-searchterms.html#words?term=face_validity,https://forrt.org/apps/re-searchterms.html#terms?term=face_validity&mode=cooccurrence,https://forrt.org/glossary/face_validity
Feminist psychology,feminist_psychology,https://forrt.org/apps/re-searchterms.html,https://forrt.org/apps/re-searchterms.html#definitions?term=feminist_psychology,https://forrt.org/apps/re-searchterms.html#words?term=feminist_psychology,https://forrt.org/apps/re-searchterms.html#terms?term=feminist_psychology&mode=cooccurrence,https://forrt.org/glossary/feminist_psychology
First-last-author-emphasis norm (FLAE),first_last_author_emphasis_norm_flae,https://forrt.org/apps/re-searchterms.html,https://forrt.org/apps/re-searchterms.html#definitions?term=first_last_author_emphasis_norm_flae,https://forrt.org/apps/re-searchterms.html#words?term=first_last_author_emphasis_norm_flae,https://forrt.org/apps/re-searchterms.html#terms?term=first_last_author_emphasis_norm_flae&mode=cooccurrence,https://forrt.org/glossary/first_last_author_emphasis_norm_flae
Free Our Knowledge Platform,free_our_knowledge_platform,https://forrt.org/apps/re-searchterms.html,https://forrt.org/apps/re-searchterms.html#definitions?term=free_our_knowledge_platform,https://forrt.org/apps/re-searchterms.html#words?term=free_our_knowledge_platform,https://forrt.org/apps/re-searchterms.html#terms?term=free_our_knowledge_platform&mode=cooccurrence,https://forrt.org/glossary/free_our_knowledge_platform
GPower,gpower,https://forrt.org/apps/re-searchterms.html,https://forrt.org/apps/re-searchterms.html#definitions?term=gpower,https://forrt.org/apps/re-searchterms.html#words?term=gpower,https://forrt.org/apps/re-searchterms.html#terms?term=gpower&mode=cooccurrence,https://forrt.org/glossary/gpower
Gaming (the system),gaming_the_system,https://forrt.org/apps/re-searchterms.html,https://forrt.org/apps/re-searchterms.html#definitions?term=gaming_the_system,https://forrt.org/apps/re-searchterms.html#words?term=gaming_the_system,https://forrt.org/apps/re-searchterms.html#terms?term=gaming_the_system&mode=cooccurrence,https://forrt.org/glossary/gaming_the_system
Garden of forking paths,garden_of_forking_paths,https://forrt.org/apps/re-searchterms.html,https://forrt.org/apps/re-searchterms.html#definitions?term=garden_of_forking_paths,https://forrt.org/apps/re-searchterms.html#words?term=garden_of_forking_paths,https://forrt.org/apps/re-searchterms.html#terms?term=garden_of_forking_paths&mode=cooccurrence,https://forrt.org/glossary/garden_of_forking_paths
General Data Protection Regulation (GDPR),general_data_protection_regulation_gdpr,https://forrt.org/apps/re-searchterms.html,https://forrt.org/apps/re-searchterms.html#definitions?term=general_data_protection_regulation_gdpr,https://forrt.org/apps/re-searchterms.html#words?term=general_data_protection_regulation_gdpr,https://forrt.org/apps/re-searchterms.html#terms?term=general_data_protection_regulation_gdpr&mode=cooccurrence,https://forrt.org/glossary/general_data_protection_regulation_gdpr
Generalizability,generalizability,https://forrt.org/apps/re-searchterms.html,https://forrt.org/apps/re-searchterms.html#definitions?term=generalizability,https://forrt.org/apps/re-searchterms.html#words?term=generalizability,https://forrt.org/apps/re-searchterms.html#terms?term=generalizability&mode=cooccurrence,https://forrt.org/glossary/generalizability
Gift (or Guest) Authorship,gift_or_guest_authorship,https://forrt.org/apps/re-searchterms.html,https://forrt.org/apps/re-searchterms.html#definitions?term=gift_or_guest_authorship,https://forrt.org/apps/re-searchterms.html#words?term=gift_or_guest_authorship,https://forrt.org/apps/re-searchterms.html#terms?term=gift_or_guest_authorship&mode=cooccurrence,https://forrt.org/glossary/gift_or_guest_authorship
Git,git,https://forrt.org/apps/re-searchterms.html,https://forrt.org/apps/re-searchterms.html#definitions?term=git,https://forrt.org/apps/re-searchterms.html#words?term=git,https://forrt.org/apps/re-searchterms.html#terms?term=git&mode=cooccurrence,https://forrt.org/glossary/git
Goodhart’s Law,goodhart_s_law,https://forrt.org/apps/re-searchterms.html,https://forrt.org/apps/re-searchterms.html#definitions?term=goodhart_s_law,https://forrt.org/apps/re-searchterms.html#words?term=goodhart_s_law,https://forrt.org/apps/re-searchterms.html#terms?term=goodhart_s_law&mode=cooccurrence,https://forrt.org/glossary/goodhart_s_law
H-index,h_index,https://forrt.org/apps/re-searchterms.html,https://forrt.org/apps/re-searchterms.html#definitions?term=h_index,https://forrt.org/apps/re-searchterms.html#words?term=h_index,https://forrt.org/apps/re-searchterms.html#terms?term=h_index&mode=cooccurrence,https://forrt.org/glossary/h_index
HARKing,harking,https://forrt.org/apps/re-searchterms.html,https://forrt.org/apps/re-searchterms.html#definitions?term=harking,https://forrt.org/apps/re-searchterms.html#words?term=harking,https://forrt.org/apps/re-searchterms.html#terms?term=harking&mode=cooccurrence,https://forrt.org/glossary/harking
Hackathon,hackathon,https://forrt.org/apps/re-searchterms.html,https://forrt.org/apps/re-searchterms.html#definitions?term=hackathon,https://forrt.org/apps/re-searchterms.html#words?term=hackathon,https://forrt.org/apps/re-searchterms.html#terms?term=hackathon&mode=cooccurrence,https://forrt.org/glossary/hackathon
Hidden Moderators,hidden_moderators,https://forrt.org/apps/re-searchterms.html,https://forrt.org/apps/re-searchterms.html#definitions?term=hidden_moderators,https://forrt.org/apps/re-searchterms.html#words?term=hidden_moderators,https://forrt.org/apps/re-searchterms.html#terms?term=hidden_moderators&mode=cooccurrence,https://forrt.org/glossary/hidden_moderators
Hypothesis,hypothesis,https://forrt.org/apps/re-searchterms.html,https://forrt.org/apps/re-searchterms.html#definitions?term=hypothesis,https://forrt.org/apps/re-searchterms.html#words?term=hypothesis,https://forrt.org/apps/re-searchterms.html#terms?term=hypothesis&mode=cooccurrence,https://forrt.org/glossary/hypothesis
Ideological bias,ideological_bias,https://forrt.org/apps/re-searchterms.html,https://forrt.org/apps/re-searchterms.html#definitions?term=ideological_bias,https://forrt.org/apps/re-searchterms.html#words?term=ideological_bias,https://forrt.org/apps/re-searchterms.html#terms?term=ideological_bias&mode=cooccurrence,https://forrt.org/glossary/ideological_bias
Incentive structure,incentive_structure,https://forrt.org/apps/re-searchterms.html,https://forrt.org/apps/re-searchterms.html#definitions?term=incentive_structure,https://forrt.org/apps/re-searchterms.html#words?term=incentive_structure,https://forrt.org/apps/re-searchterms.html#terms?term=incentive_structure&mode=cooccurrence,https://forrt.org/glossary/incentive_structure
Inclusion,inclusion,https://forrt.org/apps/re-searchterms.html,https://forrt.org/apps/re-searchterms.html#definitions?term=inclusion,https://forrt.org/apps/re-searchterms.html#words?term=inclusion,https://forrt.org/apps/re-searchterms.html#terms?term=inclusion&mode=cooccurrence,https://forrt.org/glossary/inclusion
Induction,induction,https://forrt.org/apps/re-searchterms.html,https://forrt.org/apps/re-searchterms.html#definitions?term=induction,https://forrt.org/apps/re-searchterms.html#words?term=induction,https://forrt.org/apps/re-searchterms.html#terms?term=induction&mode=cooccurrence,https://forrt.org/glossary/induction
Interaction Fallacy,interaction_fallacy,https://forrt.org/apps/re-searchterms.html,https://forrt.org/apps/re-searchterms.html#definitions?term=interaction_fallacy,https://forrt.org/apps/re-searchterms.html#words?term=interaction_fallacy,https://forrt.org/apps/re-searchterms.html#terms?term=interaction_fallacy&mode=cooccurrence,https://forrt.org/glossary/interaction_fallacy
Interlocking,interlocking,https://forrt.org/apps/re-searchterms.html,https://forrt.org/apps/re-searchterms.html#definitions?term=interlocking,https://forrt.org/apps/re-searchterms.html#words?term=interlocking,https://forrt.org/apps/re-searchterms.html#terms?term=interlocking&mode=cooccurrence,https://forrt.org/glossary/interlocking
Internal Validity,internal_validity,https://forrt.org/apps/re-searchterms.html,https://forrt.org/apps/re-searchterms.html#definitions?term=internal_validity,https://forrt.org/apps/re-searchterms.html#words?term=internal_validity,https://forrt.org/apps/re-searchterms.html#terms?term=internal_validity&mode=cooccurrence,https://forrt.org/glossary/internal_validity
Intersectionality,intersectionality,https://forrt.org/apps/re-searchterms.html,https://forrt.org/apps/re-searchterms.html#definitions?term=intersectionality,https://forrt.org/apps/re-searchterms.html#words?term=intersectionality,https://forrt.org/apps/re-searchterms.html#terms?term=intersectionality&mode=cooccurrence,https://forrt.org/glossary/intersectionality
JASP,jasp,https://forrt.org/apps/re-searchterms.html,https://forrt.org/apps/re-searchterms.html#definitions?term=jasp,https://forrt.org/apps/re-searchterms.html#words?term=jasp,https://forrt.org/apps/re-searchterms.html#terms?term=jasp&mode=cooccurrence,https://forrt.org/glossary/jasp
JISC Open Policy Finder (formerly Sherpa services),jisc_open_policy_finder_formerly_sherpa_services,https://forrt.org/apps/re-searchterms.html,https://forrt.org/apps/re-searchterms.html#definitions?term=jisc_open_policy_finder_formerly_sherpa_services,https://forrt.org/apps/re-searchterms.html#words?term=jisc_open_policy_finder_formerly_sherpa_services,https://forrt.org/apps/re-searchterms.html#terms?term=jisc_open_policy_finder_formerly_sherpa_services&mode=cooccurrence,https://forrt.org/glossary/jisc_open_policy_finder_formerly_sherpa_services
JSON file,json_file,https://forrt.org/apps/re-searchterms.html,https://forrt.org/apps/re-searchterms.html#definitions?term=json_file,https://forrt.org/apps/re-searchterms.html#words?term=json_file,https://forrt.org/apps/re-searchterms.html#terms?term=json_file&mode=cooccurrence,https://forrt.org/glossary/json_file
JabRef,jabref,https://forrt.org/apps/re-searchterms.html,https://forrt.org/apps/re-searchterms.html#definitions?term=jabref,https://forrt.org/apps/re-searchterms.html#words?term=jabref,https://forrt.org/apps/re-searchterms.html#terms?term=jabref&mode=cooccurrence,https://forrt.org/glossary/jabref
Jamovi,jamovi,https://forrt.org/apps/re-searchterms.html,https://forrt.org/apps/re-searchterms.html#definitions?term=jamovi,https://forrt.org/apps/re-searchterms.html#words?term=jamovi,https://forrt.org/apps/re-searchterms.html#terms?term=jamovi&mode=cooccurrence,https://forrt.org/glossary/jamovi
Journal Impact Factor™,journal_impact_factor,https://forrt.org/apps/re-searchterms.html,https://forrt.org/apps/re-searchterms.html#definitions?term=journal_impact_factor,https://forrt.org/apps/re-searchterms.html#words?term=journal_impact_factor,https://forrt.org/apps/re-searchterms.html#terms?term=journal_impact_factor&mode=cooccurrence,https://forrt.org/glossary/journal_impact_factor
Knowledge acquisition,knowledge_acquisition,https://forrt.org/apps/re-searchterms.html,https://forrt.org/apps/re-searchterms.html#definitions?term=knowledge_acquisition,https://forrt.org/apps/re-searchterms.html#words?term=knowledge_acquisition,https://forrt.org/apps/re-searchterms.html#terms?term=knowledge_acquisition&mode=cooccurrence,https://forrt.org/glossary/knowledge_acquisition
Likelihood Principle,likelihood_principle,https://forrt.org/apps/re-searchterms.html,https://forrt.org/apps/re-searchterms.html#definitions?term=likelihood_principle,https://forrt.org/apps/re-searchterms.html#words?term=likelihood_principle,https://forrt.org/apps/re-searchterms.html#terms?term=likelihood_principle&mode=cooccurrence,https://forrt.org/glossary/likelihood_principle
Likelihood function,likelihood_function,https://forrt.org/apps/re-searchterms.html,https://forrt.org/apps/re-searchterms.html#definitions?term=likelihood_function,https://forrt.org/apps/re-searchterms.html#words?term=likelihood_function,https://forrt.org/apps/re-searchterms.html#terms?term=likelihood_function&mode=cooccurrence,https://forrt.org/glossary/likelihood_function
Literature Review,literature_review,https://forrt.org/apps/re-searchterms.html,https://forrt.org/apps/re-searchterms.html#definitions?term=literature_review,https://forrt.org/apps/re-searchterms.html#words?term=literature_review,https://forrt.org/apps/re-searchterms.html#terms?term=literature_review&mode=cooccurrence,https://forrt.org/glossary/literature_review
Manel,manel,https://forrt.org/apps/re-searchterms.html,https://forrt.org/apps/re-searchterms.html#definitions?term=manel,https://forrt.org/apps/re-searchterms.html#words?term=manel,https://forrt.org/apps/re-searchterms.html#terms?term=manel&mode=cooccurrence,https://forrt.org/glossary/manel
Many Labs,many_labs,https://forrt.org/apps/re-searchterms.html,https://forrt.org/apps/re-searchterms.html#definitions?term=many_labs,https://forrt.org/apps/re-searchterms.html#words?term=many_labs,https://forrt.org/apps/re-searchterms.html#terms?term=many_labs&mode=cooccurrence,https://forrt.org/glossary/many_labs
Many authors,many_authors,https://forrt.org/apps/re-searchterms.html,https://forrt.org/apps/re-searchterms.html#definitions?term=many_authors,https://forrt.org/apps/re-searchterms.html#words?term=many_authors,https://forrt.org/apps/re-searchterms.html#terms?term=many_authors&mode=cooccurrence,https://forrt.org/glossary/many_authors
Massive Open Online Courses (MOOCs),massive_open_online_courses_moocs,https://forrt.org/apps/re-searchterms.html,https://forrt.org/apps/re-searchterms.html#definitions?term=massive_open_online_courses_moocs,https://forrt.org/apps/re-searchterms.html#words?term=massive_open_online_courses_moocs,https://forrt.org/apps/re-searchterms.html#terms?term=massive_open_online_courses_moocs&mode=cooccurrence,https://forrt.org/glossary/massive_open_online_courses_moocs
Massively Open Online Papers (MOOPs),massively_open_online_papers_moops,https://forrt.org/apps/re-searchterms.html,https://forrt.org/apps/re-searchterms.html#definitions?term=massively_open_online_papers_moops,https://forrt.org/apps/re-searchterms.html#words?term=massively_open_online_papers_moops,https://forrt.org/apps/re-searchterms.html#terms?term=massively_open_online_papers_moops&mode=cooccurrence,https://forrt.org/glossary/massively_open_online_papers_moops
Matthew effect (in science),matthew_effect_in_science,https://forrt.org/apps/re-searchterms.html,https://forrt.org/apps/re-searchterms.html#definitions?term=matthew_effect_in_science,https://forrt.org/apps/re-searchterms.html#words?term=matthew_effect_in_science,https://forrt.org/apps/re-searchterms.html#terms?term=matthew_effect_in_science&mode=cooccurrence,https://forrt.org/glossary/matthew_effect_in_science
Meta-analysis,meta_analysis,https://forrt.org/apps/re-searchterms.html,https://forrt.org/apps/re-searchterms.html#definitions?term=meta_analysis,https://forrt.org/apps/re-searchterms.html#words?term=meta_analysis,https://forrt.org/apps/re-searchterms.html#terms?term=meta_analysis&mode=cooccurrence,https://forrt.org/glossary/meta_analysis
Meta-science or Meta-research,meta_science_or_meta_research,https://forrt.org/apps/re-searchterms.html,https://forrt.org/apps/re-searchterms.html#definitions?term=meta_science_or_meta_research,https://forrt.org/apps/re-searchterms.html#words?term=meta_science_or_meta_research,https://forrt.org/apps/re-searchterms.html#terms?term=meta_science_or_meta_research&mode=cooccurrence,https://forrt.org/glossary/meta_science_or_meta_research
Metadata,metadata,https://forrt.org/apps/re-searchterms.html,https://forrt.org/apps/re-searchterms.html#definitions?term=metadata,https://forrt.org/apps/re-searchterms.html#words?term=metadata,https://forrt.org/apps/re-searchterms.html#terms?term=metadata&mode=cooccurrence,https://forrt.org/glossary/metadata
Model (philosophy),model_philosophy,https://forrt.org/apps/re-searchterms.html,https://forrt.org/apps/re-searchterms.html#definitions?term=model_philosophy,https://forrt.org/apps/re-searchterms.html#words?term=model_philosophy,https://forrt.org/apps/re-searchterms.html#terms?term=model_philosophy&mode=cooccurrence,https://forrt.org/glossary/model_philosophy
Multi-Analyst Studies,multi_analyst_studies,https://forrt.org/apps/re-searchterms.html,https://forrt.org/apps/re-searchterms.html#definitions?term=multi_analyst_studies,https://forrt.org/apps/re-searchterms.html#words?term=multi_analyst_studies,https://forrt.org/apps/re-searchterms.html#terms?term=multi_analyst_studies&mode=cooccurrence,https://forrt.org/glossary/multi_analyst_studies
Multiplicity,multiplicity,https://forrt.org/apps/re-searchterms.html,https://forrt.org/apps/re-searchterms.html#definitions?term=multiplicity,https://forrt.org/apps/re-searchterms.html#words?term=multiplicity,https://forrt.org/apps/re-searchterms.html#terms?term=multiplicity&mode=cooccurrence,https://forrt.org/glossary/multiplicity
Multiverse analysis,multiverse_analysis,https://forrt.org/apps/re-searchterms.html,https://forrt.org/apps/re-searchterms.html#definitions?term=multiverse_analysis,https://forrt.org/apps/re-searchterms.html#words?term=multiverse_analysis,https://forrt.org/apps/re-searchterms.html#terms?term=multiverse_analysis&mode=cooccurrence,https://forrt.org/glossary/multiverse_analysis
Name Ambiguity Problem,name_ambiguity_problem,https://forrt.org/apps/re-searchterms.html,https://forrt.org/apps/re-searchterms.html#definitions?term=name_ambiguity_problem,https://forrt.org/apps/re-searchterms.html#words?term=name_ambiguity_problem,https://forrt.org/apps/re-searchterms.html#terms?term=name_ambiguity_problem&mode=cooccurrence,https://forrt.org/glossary/name_ambiguity_problem
Named entity-based Text Anonymization for Open Science (NETANOS),named_entity_based_text_anonymization_for_open_science_netanos,https://forrt.org/apps/re-searchterms.html,https://forrt.org/apps/re-searchterms.html#definitions?term=named_entity_based_text_anonymization_for_open_science_netanos,https://forrt.org/apps/re-searchterms.html#words?term=named_entity_based_text_anonymization_for_open_science_netanos,https://forrt.org/apps/re-searchterms.html#terms?term=named_entity_based_text_anonymization_for_open_science_netanos&mode=cooccurrence,https://forrt.org/glossary/named_entity_based_text_anonymization_for_open_science_netanos
"Non-Intervention, Reproducible, and Open Systematic Reviews (NIRO-SR)",non_intervention_reproducible_and_open_systematic_reviews_niro_sr,https://forrt.org/apps/re-searchterms.html,https://forrt.org/apps/re-searchterms.html#definitions?term=non_intervention_reproducible_and_open_systematic_reviews_niro_sr,https://forrt.org/apps/re-searchterms.html#words?term=non_intervention_reproducible_and_open_systematic_reviews_niro_sr,https://forrt.org/apps/re-searchterms.html#terms?term=non_intervention_reproducible_and_open_systematic_reviews_niro_sr&mode=cooccurrence,https://forrt.org/glossary/non_intervention_reproducible_and_open_systematic_reviews_niro_sr
Null Hypothesis Significance Testing (NHST),null_hypothesis_significance_testing_nhst,https://forrt.org/apps/re-searchterms.html,https://forrt.org/apps/re-searchterms.html#definitions?term=null_hypothesis_significance_testing_nhst,https://forrt.org/apps/re-searchterms.html#words?term=null_hypothesis_significance_testing_nhst,https://forrt.org/apps/re-searchterms.html#terms?term=null_hypothesis_significance_testing_nhst&mode=cooccurrence,https://forrt.org/glossary/null_hypothesis_significance_testing_nhst
ORCID (Open Researcher and Contributor ID),orcid_open_researcher_and_contributor_id,https://forrt.org/apps/re-searchterms.html,https://forrt.org/apps/re-searchterms.html#definitions?term=orcid_open_researcher_and_contributor_id,https://forrt.org/apps/re-searchterms.html#words?term=orcid_open_researcher_and_contributor_id,https://forrt.org/apps/re-searchterms.html#terms?term=orcid_open_researcher_and_contributor_id&mode=cooccurrence,https://forrt.org/glossary/orcid_open_researcher_and_contributor_id
Objectivity,objectivity,https://forrt.org/apps/re-searchterms.html,https://forrt.org/apps/re-searchterms.html#definitions?term=objectivity,https://forrt.org/apps/re-searchterms.html#words?term=objectivity,https://forrt.org/apps/re-searchterms.html#terms?term=objectivity&mode=cooccurrence,https://forrt.org/glossary/objectivity
Ontology (Artificial Intelligence),ontology_artificial_intelligence,https://forrt.org/apps/re-searchterms.html,https://forrt.org/apps/re-searchterms.html#definitions?term=ontology_artificial_intelligence,https://forrt.org/apps/re-searchterms.html#words?term=ontology_artificial_intelligence,https://forrt.org/apps/re-searchterms.html#terms?term=ontology_artificial_intelligence&mode=cooccurrence,https://forrt.org/glossary/ontology_artificial_intelligence
Open Code,open_code,https://forrt.org/apps/re-searchterms.html,https://forrt.org/apps/re-searchterms.html#definitions?term=open_code,https://forrt.org/apps/re-searchterms.html#words?term=open_code,https://forrt.org/apps/re-searchterms.html#terms?term=open_code&mode=cooccurrence,https://forrt.org/glossary/open_code
Open Data,open_data,https://forrt.org/apps/re-searchterms.html,https://forrt.org/apps/re-searchterms.html#definitions?term=open_data,https://forrt.org/apps/re-searchterms.html#words?term=open_data,https://forrt.org/apps/re-searchterms.html#terms?term=open_data&mode=cooccurrence,https://forrt.org/glossary/open_data
Open Educational Resources (OER) Commons,open_educational_resources_oer_commons,https://forrt.org/apps/re-searchterms.html,https://forrt.org/apps/re-searchterms.html#definitions?term=open_educational_resources_oer_commons,https://forrt.org/apps/re-searchterms.html#words?term=open_educational_resources_oer_commons,https://forrt.org/apps/re-searchterms.html#terms?term=open_educational_resources_oer_commons&mode=cooccurrence,https://forrt.org/glossary/open_educational_resources_oer_commons
Open Licenses,open_licenses,https://forrt.org/apps/re-searchterms.html,https://forrt.org/apps/re-searchterms.html#definitions?term=open_licenses,https://forrt.org/apps/re-searchterms.html#words?term=open_licenses,https://forrt.org/apps/re-searchterms.html#terms?term=open_licenses&mode=cooccurrence,https://forrt.org/glossary/open_licenses
Open Material,open_material,https://forrt.org/apps/re-searchterms.html,https://forrt.org/apps/re-searchterms.html#definitions?term=open_material,https://forrt.org/apps/re-searchterms.html#words?term=open_material,https://forrt.org/apps/re-searchterms.html#terms?term=open_material&mode=cooccurrence,https://forrt.org/glossary/open_material
Open Peer Review,open_peer_review,https://forrt.org/apps/re-searchterms.html,https://forrt.org/apps/re-searchterms.html#definitions?term=open_peer_review,https://forrt.org/apps/re-searchterms.html#words?term=open_peer_review,https://forrt.org/apps/re-searchterms.html#terms?term=open_peer_review&mode=cooccurrence,https://forrt.org/glossary/open_peer_review
Open Scholarship,open_scholarship,https://forrt.org/apps/re-searchterms.html,https://forrt.org/apps/re-searchterms.html#definitions?term=open_scholarship,https://forrt.org/apps/re-searchterms.html#words?term=open_scholarship,https://forrt.org/apps/re-searchterms.html#terms?term=open_scholarship&mode=cooccurrence,https://forrt.org/glossary/open_scholarship
Open Scholarship Knowledge Base,open_scholarship_knowledge_base,https://forrt.org/apps/re-searchterms.html,https://forrt.org/apps/re-searchterms.html#definitions?term=open_scholarship_knowledge_base,https://forrt.org/apps/re-searchterms.html#words?term=open_scholarship_knowledge_base,https://forrt.org/apps/re-searchterms.html#terms?term=open_scholarship_knowledge_base&mode=cooccurrence,https://forrt.org/glossary/open_scholarship_knowledge_base
Open Science,open_science,https://forrt.org/apps/re-searchterms.html,https://forrt.org/apps/re-searchterms.html#definitions?term=open_science,https://forrt.org/apps/re-searchterms.html#words?term=open_science,https://forrt.org/apps/re-searchterms.html#terms?term=open_science&mode=cooccurrence,https://forrt.org/glossary/open_science
Open Science Framework,open_science_framework,https://forrt.org/apps/re-searchterms.html,https://forrt.org/apps/re-searchterms.html#definitions?term=open_science_framework,https://forrt.org/apps/re-searchterms.html#words?term=open_science_framework,https://forrt.org/apps/re-searchterms.html#terms?term=open_science_framework&mode=cooccurrence,https://forrt.org/glossary/open_science_framework
Open Source software,open_source_software,https://forrt.org/apps/re-searchterms.html,https://forrt.org/apps/re-searchterms.html#definitions?term=open_source_software,https://forrt.org/apps/re-searchterms.html#words?term=open_source_software,https://forrt.org/apps/re-searchterms.html#terms?term=open_source_software&mode=cooccurrence,https://forrt.org/glossary/open_source_software
Open access,open_access,https://forrt.org/apps/re-searchterms.html,https://forrt.org/apps/re-searchterms.html#definitions?term=open_access,https://forrt.org/apps/re-searchterms.html#words?term=open_access,https://forrt.org/apps/re-searchterms.html#terms?term=open_access&mode=cooccurrence,https://forrt.org/glossary/open_access
Open washing,open_washing,https://forrt.org/apps/re-searchterms.html,https://forrt.org/apps/re-searchterms.html#definitions?term=open_washing,https://forrt.org/apps/re-searchterms.html#words?term=open_washing,https://forrt.org/apps/re-searchterms.html#terms?term=open_washing&mode=cooccurrence,https://forrt.org/glossary/open_washing
OpenNeuro,openneuro,https://forrt.org/apps/re-searchterms.html,https://forrt.org/apps/re-searchterms.html#definitions?term=openneuro,https://forrt.org/apps/re-searchterms.html#words?term=openneuro,https://forrt.org/apps/re-searchterms.html#terms?term=openneuro&mode=cooccurrence,https://forrt.org/glossary/openneuro
Optional Stopping,optional_stopping,https://forrt.org/apps/re-searchterms.html,https://forrt.org/apps/re-searchterms.html#definitions?term=optional_stopping,https://forrt.org/apps/re-searchterms.html#words?term=optional_stopping,https://forrt.org/apps/re-searchterms.html#terms?term=optional_stopping&mode=cooccurrence,https://forrt.org/glossary/optional_stopping
Overlay Journal,overlay_journal,https://forrt.org/apps/re-searchterms.html,https://forrt.org/apps/re-searchterms.html#definitions?term=overlay_journal,https://forrt.org/apps/re-searchterms.html#words?term=overlay_journal,https://forrt.org/apps/re-searchterms.html#terms?term=overlay_journal&mode=cooccurrence,https://forrt.org/glossary/overlay_journal
P-curve,p_curve,https://forrt.org/apps/re-searchterms.html,https://forrt.org/apps/re-searchterms.html#definitions?term=p_curve,https://forrt.org/apps/re-searchterms.html#words?term=p_curve,https://forrt.org/apps/re-searchterms.html#terms?term=p_curve&mode=cooccurrence,https://forrt.org/glossary/p_curve
PARKing,parking,https://forrt.org/apps/re-searchterms.html,https://forrt.org/apps/re-searchterms.html#definitions?term=parking,https://forrt.org/apps/re-searchterms.html#words?term=parking,https://forrt.org/apps/re-searchterms.html#terms?term=parking&mode=cooccurrence,https://forrt.org/glossary/parking
PCI (Peer Community In),pci_peer_community_in,https://forrt.org/apps/re-searchterms.html,https://forrt.org/apps/re-searchterms.html#definitions?term=pci_peer_community_in,https://forrt.org/apps/re-searchterms.html#words?term=pci_peer_community_in,https://forrt.org/apps/re-searchterms.html#terms?term=pci_peer_community_in&mode=cooccurrence,https://forrt.org/glossary/pci_peer_community_in
PCI Registered Reports,pci_registered_reports,https://forrt.org/apps/re-searchterms.html,https://forrt.org/apps/re-searchterms.html#definitions?term=pci_registered_reports,https://forrt.org/apps/re-searchterms.html#words?term=pci_registered_reports,https://forrt.org/apps/re-searchterms.html#terms?term=pci_registered_reports&mode=cooccurrence,https://forrt.org/glossary/pci_registered_reports
PREPARE Guidelines,prepare_guidelines,https://forrt.org/apps/re-searchterms.html,https://forrt.org/apps/re-searchterms.html#definitions?term=prepare_guidelines,https://forrt.org/apps/re-searchterms.html#words?term=prepare_guidelines,https://forrt.org/apps/re-searchterms.html#terms?term=prepare_guidelines&mode=cooccurrence,https://forrt.org/glossary/prepare_guidelines
PRO (peer review openness) initiative,pro_peer_review_openness_initiative,https://forrt.org/apps/re-searchterms.html,https://forrt.org/apps/re-searchterms.html#definitions?term=pro_peer_review_openness_initiative,https://forrt.org/apps/re-searchterms.html#words?term=pro_peer_review_openness_initiative,https://forrt.org/apps/re-searchterms.html#terms?term=pro_peer_review_openness_initiative&mode=cooccurrence,https://forrt.org/glossary/pro_peer_review_openness_initiative
Papermill,papermill,https://forrt.org/apps/re-searchterms.html,https://forrt.org/apps/re-searchterms.html#definitions?term=papermill,https://forrt.org/apps/re-searchterms.html#words?term=papermill,https://forrt.org/apps/re-searchterms.html#terms?term=papermill&mode=cooccurrence,https://forrt.org/glossary/papermill
Paradata,paradata,https://forrt.org/apps/re-searchterms.html,https://forrt.org/apps/re-searchterms.html#definitions?term=paradata,https://forrt.org/apps/re-searchterms.html#words?term=paradata,https://forrt.org/apps/re-searchterms.html#terms?term=paradata&mode=cooccurrence,https://forrt.org/glossary/paradata
Participatory Research,participatory_research,https://forrt.org/apps/re-searchterms.html,https://forrt.org/apps/re-searchterms.html#definitions?term=participatory_research,https://forrt.org/apps/re-searchterms.html#words?term=participatory_research,https://forrt.org/apps/re-searchterms.html#terms?term=participatory_research&mode=cooccurrence,https://forrt.org/glossary/participatory_research
Patient and Public Involvement (PPI),patient_and_public_involvement_ppi,https://forrt.org/apps/re-searchterms.html,https://forrt.org/apps/re-searchterms.html#definitions?term=patient_and_public_involvement_ppi,https://forrt.org/apps/re-searchterms.html#words?term=patient_and_public_involvement_ppi,https://forrt.org/apps/re-searchterms.html#terms?term=patient_and_public_involvement_ppi&mode=cooccurrence,https://forrt.org/glossary/patient_and_public_involvement_ppi
Paywall,paywall,https://forrt.org/apps/re-searchterms.html,https://forrt.org/apps/re-searchterms.html#definitions?term=paywall,https://forrt.org/apps/re-searchterms.html#words?term=paywall,https://forrt.org/apps/re-searchterms.html#terms?term=paywall&mode=cooccurrence,https://forrt.org/glossary/paywall
Plan S,plan_s,https://forrt.org/apps/re-searchterms.html,https://forrt.org/apps/re-searchterms.html#definitions?term=plan_s,https://forrt.org/apps/re-searchterms.html#words?term=plan_s,https://forrt.org/apps/re-searchterms.html#terms?term=plan_s&mode=cooccurrence,https://forrt.org/glossary/plan_s
Positionality,positionality,https://forrt.org/apps/re-searchterms.html,https://forrt.org/apps/re-searchterms.html#definitions?term=positionality,https://forrt.org/apps/re-searchterms.html#words?term=positionality,https://forrt.org/apps/re-searchterms.html#terms?term=positionality&mode=cooccurrence,https://forrt.org/glossary/positionality
Positionality Map,positionality_map,https://forrt.org/apps/re-searchterms.html,https://forrt.org/apps/re-searchterms.html#definitions?term=positionality_map,https://forrt.org/apps/re-searchterms.html#words?term=positionality_map,https://forrt.org/apps/re-searchterms.html#terms?term=positionality_map&mode=cooccurrence,https://forrt.org/glossary/positionality_map
Post Hoc,post_hoc,https://forrt.org/apps/re-searchterms.html,https://forrt.org/apps/re-searchterms.html#definitions?term=post_hoc,https://forrt.org/apps/re-searchterms.html#words?term=post_hoc,https://forrt.org/apps/re-searchterms.html#terms?term=post_hoc&mode=cooccurrence,https://forrt.org/glossary/post_hoc
Post Publication Peer Review,post_publication_peer_review,https://forrt.org/apps/re-searchterms.html,https://forrt.org/apps/re-searchterms.html#definitions?term=post_publication_peer_review,https://forrt.org/apps/re-searchterms.html#words?term=post_publication_peer_review,https://forrt.org/apps/re-searchterms.html#terms?term=post_publication_peer_review&mode=cooccurrence,https://forrt.org/glossary/post_publication_peer_review
Posterior distribution,posterior_distribution,https://forrt.org/apps/re-searchterms.html,https://forrt.org/apps/re-searchterms.html#definitions?term=posterior_distribution,https://forrt.org/apps/re-searchterms.html#words?term=posterior_distribution,https://forrt.org/apps/re-searchterms.html#terms?term=posterior_distribution&mode=cooccurrence,https://forrt.org/glossary/posterior_distribution
Predatory Publishing,predatory_publishing,https://forrt.org/apps/re-searchterms.html,https://forrt.org/apps/re-searchterms.html#definitions?term=predatory_publishing,https://forrt.org/apps/re-searchterms.html#words?term=predatory_publishing,https://forrt.org/apps/re-searchterms.html#terms?term=predatory_publishing&mode=cooccurrence,https://forrt.org/glossary/predatory_publishing
Preprint,preprint,https://forrt.org/apps/re-searchterms.html,https://forrt.org/apps/re-searchterms.html#definitions?term=preprint,https://forrt.org/apps/re-searchterms.html#words?term=preprint,https://forrt.org/apps/re-searchterms.html#terms?term=preprint&mode=cooccurrence,https://forrt.org/glossary/preprint
Preregistration,preregistration,https://forrt.org/apps/re-searchterms.html,https://forrt.org/apps/re-searchterms.html#definitions?term=preregistration,https://forrt.org/apps/re-searchterms.html#words?term=preregistration,https://forrt.org/apps/re-searchterms.html#terms?term=preregistration&mode=cooccurrence,https://forrt.org/glossary/preregistration
Preregistration Pledge,preregistration_pledge,https://forrt.org/apps/re-searchterms.html,https://forrt.org/apps/re-searchterms.html#definitions?term=preregistration_pledge,https://forrt.org/apps/re-searchterms.html#words?term=preregistration_pledge,https://forrt.org/apps/re-searchterms.html#terms?term=preregistration_pledge&mode=cooccurrence,https://forrt.org/glossary/preregistration_pledge
Prior distribution,prior_distribution,https://forrt.org/apps/re-searchterms.html,https://forrt.org/apps/re-searchterms.html#definitions?term=prior_distribution,https://forrt.org/apps/re-searchterms.html#words?term=prior_distribution,https://forrt.org/apps/re-searchterms.html#terms?term=prior_distribution&mode=cooccurrence,https://forrt.org/glossary/prior_distribution
Pseudonymisation,pseudonymisation,https://forrt.org/apps/re-searchterms.html,https://forrt.org/apps/re-searchterms.html#definitions?term=pseudonymisation,https://forrt.org/apps/re-searchterms.html#words?term=pseudonymisation,https://forrt.org/apps/re-searchterms.html#terms?term=pseudonymisation&mode=cooccurrence,https://forrt.org/glossary/pseudonymisation
Pseudoreplication,pseudoreplication,https://forrt.org/apps/re-searchterms.html,https://forrt.org/apps/re-searchterms.html#definitions?term=pseudoreplication,https://forrt.org/apps/re-searchterms.html#words?term=pseudoreplication,https://forrt.org/apps/re-searchterms.html#terms?term=pseudoreplication&mode=cooccurrence,https://forrt.org/glossary/pseudoreplication
Psychometric meta-analysis,psychometric_meta_analysis,https://forrt.org/apps/re-searchterms.html,https://forrt.org/apps/re-searchterms.html#definitions?term=psychometric_meta_analysis,https://forrt.org/apps/re-searchterms.html#words?term=psychometric_meta_analysis,https://forrt.org/apps/re-searchterms.html#terms?term=psychometric_meta_analysis&mode=cooccurrence,https://forrt.org/glossary/psychometric_meta_analysis
PubPeer,pubpeer,https://forrt.org/apps/re-searchterms.html,https://forrt.org/apps/re-searchterms.html#definitions?term=pubpeer,https://forrt.org/apps/re-searchterms.html#words?term=pubpeer,https://forrt.org/apps/re-searchterms.html#terms?term=pubpeer&mode=cooccurrence,https://forrt.org/glossary/pubpeer
Public Trust in Science,public_trust_in_science,https://forrt.org/apps/re-searchterms.html,https://forrt.org/apps/re-searchterms.html#definitions?term=public_trust_in_science,https://forrt.org/apps/re-searchterms.html#words?term=public_trust_in_science,https://forrt.org/apps/re-searchterms.html#terms?term=public_trust_in_science&mode=cooccurrence,https://forrt.org/glossary/public_trust_in_science
Publication bias (File Drawer Problem),publication_bias_file_drawer_problem,https://forrt.org/apps/re-searchterms.html,https://forrt.org/apps/re-searchterms.html#definitions?term=publication_bias_file_drawer_problem,https://forrt.org/apps/re-searchterms.html#words?term=publication_bias_file_drawer_problem,https://forrt.org/apps/re-searchterms.html#terms?term=publication_bias_file_drawer_problem&mode=cooccurrence,https://forrt.org/glossary/publication_bias_file_drawer_problem
Publish or Perish,publish_or_perish,https://forrt.org/apps/re-searchterms.html,https://forrt.org/apps/re-searchterms.html#definitions?term=publish_or_perish,https://forrt.org/apps/re-searchterms.html#words?term=publish_or_perish,https://forrt.org/apps/re-searchterms.html#terms?term=publish_or_perish&mode=cooccurrence,https://forrt.org/glossary/publish_or_perish
Python,python,https://forrt.org/apps/re-searchterms.html,https://forrt.org/apps/re-searchterms.html#definitions?term=python,https://forrt.org/apps/re-searchterms.html#words?term=python,https://forrt.org/apps/re-searchterms.html#terms?term=python&mode=cooccurrence,https://forrt.org/glossary/python
Qualitative research,qualitative_research,https://forrt.org/apps/re-searchterms.html,https://forrt.org/apps/re-searchterms.html#definitions?term=qualitative_research,https://forrt.org/apps/re-searchterms.html#words?term=qualitative_research,https://forrt.org/apps/re-searchterms.html#terms?term=qualitative_research&mode=cooccurrence,https://forrt.org/glossary/qualitative_research
Quantitative research,quantitative_research,https://forrt.org/apps/re-searchterms.html,https://forrt.org/apps/re-searchterms.html#definitions?term=quantitative_research,https://forrt.org/apps/re-searchterms.html#words?term=quantitative_research,https://forrt.org/apps/re-searchterms.html#terms?term=quantitative_research&mode=cooccurrence,https://forrt.org/glossary/quantitative_research
Questionable Measurement Practices (QMP),questionable_measurement_practices_qmp,https://forrt.org/apps/re-searchterms.html,https://forrt.org/apps/re-searchterms.html#definitions?term=questionable_measurement_practices_qmp,https://forrt.org/apps/re-searchterms.html#words?term=questionable_measurement_practices_qmp,https://forrt.org/apps/re-searchterms.html#terms?term=questionable_measurement_practices_qmp&mode=cooccurrence,https://forrt.org/glossary/questionable_measurement_practices_qmp
Questionable Research Practices or Questionable Reporting Practices (QRPs),questionable_research_practices_or_questionable_reporting_practices_qrps,https://forrt.org/apps/re-searchterms.html,https://forrt.org/apps/re-searchterms.html#definitions?term=questionable_research_practices_or_questionable_reporting_practices_qrps,https://forrt.org/apps/re-searchterms.html#words?term=questionable_research_practices_or_questionable_reporting_practices_qrps,https://forrt.org/apps/re-searchterms.html#terms?term=questionable_research_practices_or_questionable_reporting_practices_qrps&mode=cooccurrence,https://forrt.org/glossary/questionable_research_practices_or_questionable_reporting_practices_qrps
R,r,https://forrt.org/apps/re-searchterms.html,https://forrt.org/apps/re-searchterms.html#definitions?term=r,https://forrt.org/apps/re-searchterms.html#words?term=r,https://forrt.org/apps/re-searchterms.html#terms?term=r&mode=cooccurrence,https://forrt.org/glossary/r
RIOT Science Club,riot_science_club,https://forrt.org/apps/re-searchterms.html,https://forrt.org/apps/re-searchterms.html#definitions?term=riot_science_club,https://forrt.org/apps/re-searchterms.html#words?term=riot_science_club,https://forrt.org/apps/re-searchterms.html#terms?term=riot_science_club&mode=cooccurrence,https://forrt.org/glossary/riot_science_club
Red Teams,red_teams,https://forrt.org/apps/re-searchterms.html,https://forrt.org/apps/re-searchterms.html#definitions?term=red_teams,https://forrt.org/apps/re-searchterms.html#words?term=red_teams,https://forrt.org/apps/re-searchterms.html#terms?term=red_teams&mode=cooccurrence,https://forrt.org/glossary/red_teams
Reflexivity,reflexivity,https://forrt.org/apps/re-searchterms.html,https://forrt.org/apps/re-searchterms.html#definitions?term=reflexivity,https://forrt.org/apps/re-searchterms.html#words?term=reflexivity,https://forrt.org/apps/re-searchterms.html#terms?term=reflexivity&mode=cooccurrence,https://forrt.org/glossary/reflexivity
Registered Report,registered_report,https://forrt.org/apps/re-searchterms.html,https://forrt.org/apps/re-searchterms.html#definitions?term=registered_report,https://forrt.org/apps/re-searchterms.html#words?term=registered_report,https://forrt.org/apps/re-searchterms.html#terms?term=registered_report&mode=cooccurrence,https://forrt.org/glossary/registered_report
Registry of Research Data Repositories,registry_of_research_data_repositories,https://forrt.org/apps/re-searchterms.html,https://forrt.org/apps/re-searchterms.html#definitions?term=registry_of_research_data_repositories,https://forrt.org/apps/re-searchterms.html#words?term=registry_of_research_data_repositories,https://forrt.org/apps/re-searchterms.html#terms?term=registry_of_research_data_repositories&mode=cooccurrence,https://forrt.org/glossary/registry_of_research_data_repositories
Reliability,reliability,https://forrt.org/apps/re-searchterms.html,https://forrt.org/apps/re-searchterms.html#definitions?term=reliability,https://forrt.org/apps/re-searchterms.html#words?term=reliability,https://forrt.org/apps/re-searchterms.html#terms?term=reliability&mode=cooccurrence,https://forrt.org/glossary/reliability
Repeatability,repeatability,https://forrt.org/apps/re-searchterms.html,https://forrt.org/apps/re-searchterms.html#definitions?term=repeatability,https://forrt.org/apps/re-searchterms.html#words?term=repeatability,https://forrt.org/apps/re-searchterms.html#terms?term=repeatability&mode=cooccurrence,https://forrt.org/glossary/repeatability
RepliCATs project,replicats_project,https://forrt.org/apps/re-searchterms.html,https://forrt.org/apps/re-searchterms.html#definitions?term=replicats_project,https://forrt.org/apps/re-searchterms.html#words?term=replicats_project,https://forrt.org/apps/re-searchterms.html#terms?term=replicats_project&mode=cooccurrence,https://forrt.org/glossary/replicats_project
Replicability,replicability,https://forrt.org/apps/re-searchterms.html,https://forrt.org/apps/re-searchterms.html#definitions?term=replicability,https://forrt.org/apps/re-searchterms.html#words?term=replicability,https://forrt.org/apps/re-searchterms.html#terms?term=replicability&mode=cooccurrence,https://forrt.org/glossary/replicability
Replication Markets,replication_markets,https://forrt.org/apps/re-searchterms.html,https://forrt.org/apps/re-searchterms.html#definitions?term=replication_markets,https://forrt.org/apps/re-searchterms.html#words?term=replication_markets,https://forrt.org/apps/re-searchterms.html#terms?term=replication_markets&mode=cooccurrence,https://forrt.org/glossary/replication_markets
Reporting Guideline,reporting_guideline,https://forrt.org/apps/re-searchterms.html,https://forrt.org/apps/re-searchterms.html#definitions?term=reporting_guideline,https://forrt.org/apps/re-searchterms.html#words?term=reporting_guideline,https://forrt.org/apps/re-searchterms.html#terms?term=reporting_guideline&mode=cooccurrence,https://forrt.org/glossary/reporting_guideline
Repository,repository,https://forrt.org/apps/re-searchterms.html,https://forrt.org/apps/re-searchterms.html#definitions?term=repository,https://forrt.org/apps/re-searchterms.html#words?term=repository,https://forrt.org/apps/re-searchterms.html#terms?term=repository&mode=cooccurrence,https://forrt.org/glossary/repository
ReproducibiliTea,reproducibilitea,https://forrt.org/apps/re-searchterms.html,https://forrt.org/apps/re-searchterms.html#definitions?term=reproducibilitea,https://forrt.org/apps/re-searchterms.html#words?term=reproducibilitea,https://forrt.org/apps/re-searchterms.html#terms?term=reproducibilitea&mode=cooccurrence,https://forrt.org/glossary/reproducibilitea
Reproducibility,reproducibility,https://forrt.org/apps/re-searchterms.html,https://forrt.org/apps/re-searchterms.html#definitions?term=reproducibility,https://forrt.org/apps/re-searchterms.html#words?term=reproducibility,https://forrt.org/apps/re-searchterms.html#terms?term=reproducibility&mode=cooccurrence,https://forrt.org/glossary/reproducibility
Reproducibility Network,reproducibility_network,https://forrt.org/apps/re-searchterms.html,https://forrt.org/apps/re-searchterms.html#definitions?term=reproducibility_network,https://forrt.org/apps/re-searchterms.html#words?term=reproducibility_network,https://forrt.org/apps/re-searchterms.html#terms?term=reproducibility_network&mode=cooccurrence,https://forrt.org/glossary/reproducibility_network
Reproducibility crisis (aka Replicability or replication crisis),reproducibility_crisis_aka_replicability_or_replication_crisis,https://forrt.org/apps/re-searchterms.html,https://forrt.org/apps/re-searchterms.html#definitions?term=reproducibility_crisis_aka_replicability_or_replication_crisis,https://forrt.org/apps/re-searchterms.html#words?term=reproducibility_crisis_aka_replicability_or_replication_crisis,https://forrt.org/apps/re-searchterms.html#terms?term=reproducibility_crisis_aka_replicability_or_replication_crisis&mode=cooccurrence,https://forrt.org/glossary/reproducibility_crisis_aka_replicability_or_replication_crisis
Research Contribution Metric (*p*),research_contribution_metric_p,https://forrt.org/apps/re-searchterms.html,https://forrt.org/apps/re-searchterms.html#definitions?term=research_contribution_metric_p,https://forrt.org/apps/re-searchterms.html#words?term=research_contribution_metric_p,https://forrt.org/apps/re-searchterms.html#terms?term=research_contribution_metric_p&mode=cooccurrence,https://forrt.org/glossary/research_contribution_metric_p
Research Cycle,research_cycle,https://forrt.org/apps/re-searchterms.html,https://forrt.org/apps/re-searchterms.html#definitions?term=research_cycle,https://forrt.org/apps/re-searchterms.html#words?term=research_cycle,https://forrt.org/apps/re-searchterms.html#terms?term=research_cycle&mode=cooccurrence,https://forrt.org/glossary/research_cycle
Research Data Management,research_data_management,https://forrt.org/apps/re-searchterms.html,https://forrt.org/apps/re-searchterms.html#definitions?term=research_data_management,https://forrt.org/apps/re-searchterms.html#words?term=research_data_management,https://forrt.org/apps/re-searchterms.html#terms?term=research_data_management&mode=cooccurrence,https://forrt.org/glossary/research_data_management
Research Protocol,research_protocol,https://forrt.org/apps/re-searchterms.html,https://forrt.org/apps/re-searchterms.html#definitions?term=research_protocol,https://forrt.org/apps/re-searchterms.html#words?term=research_protocol,https://forrt.org/apps/re-searchterms.html#terms?term=research_protocol&mode=cooccurrence,https://forrt.org/glossary/research_protocol
Research integrity,research_integrity,https://forrt.org/apps/re-searchterms.html,https://forrt.org/apps/re-searchterms.html#definitions?term=research_integrity,https://forrt.org/apps/re-searchterms.html#words?term=research_integrity,https://forrt.org/apps/re-searchterms.html#terms?term=research_integrity&mode=cooccurrence,https://forrt.org/glossary/research_integrity
Research workflow,research_workflow,https://forrt.org/apps/re-searchterms.html,https://forrt.org/apps/re-searchterms.html#definitions?term=research_workflow,https://forrt.org/apps/re-searchterms.html#words?term=research_workflow,https://forrt.org/apps/re-searchterms.html#terms?term=research_workflow&mode=cooccurrence,https://forrt.org/glossary/research_workflow
Researcher degrees of freedom,researcher_degrees_of_freedom,https://forrt.org/apps/re-searchterms.html,https://forrt.org/apps/re-searchterms.html#definitions?term=researcher_degrees_of_freedom,https://forrt.org/apps/re-searchterms.html#words?term=researcher_degrees_of_freedom,https://forrt.org/apps/re-searchterms.html#terms?term=researcher_degrees_of_freedom&mode=cooccurrence,https://forrt.org/glossary/researcher_degrees_of_freedom
Responsible Research and Innovation,responsible_research_and_innovation,https://forrt.org/apps/re-searchterms.html,https://forrt.org/apps/re-searchterms.html#definitions?term=responsible_research_and_innovation,https://forrt.org/apps/re-searchterms.html#words?term=responsible_research_and_innovation,https://forrt.org/apps/re-searchterms.html#terms?term=responsible_research_and_innovation&mode=cooccurrence,https://forrt.org/glossary/responsible_research_and_innovation
Reverse p-hacking,reverse_p_hacking,https://forrt.org/apps/re-searchterms.html,https://forrt.org/apps/re-searchterms.html#definitions?term=reverse_p_hacking,https://forrt.org/apps/re-searchterms.html#words?term=reverse_p_hacking,https://forrt.org/apps/re-searchterms.html#terms?term=reverse_p_hacking&mode=cooccurrence,https://forrt.org/glossary/reverse_p_hacking
Robustness (analyses),robustness_analyses,https://forrt.org/apps/re-searchterms.html,https://forrt.org/apps/re-searchterms.html#definitions?term=robustness_analyses,https://forrt.org/apps/re-searchterms.html#words?term=robustness_analyses,https://forrt.org/apps/re-searchterms.html#terms?term=robustness_analyses&mode=cooccurrence,https://forrt.org/glossary/robustness_analyses
STRANGE,strange,https://forrt.org/apps/re-searchterms.html,https://forrt.org/apps/re-searchterms.html#definitions?term=strange,https://forrt.org/apps/re-searchterms.html#words?term=strange,https://forrt.org/apps/re-searchterms.html#terms?term=strange&mode=cooccurrence,https://forrt.org/glossary/strange
Salami slicing,salami_slicing,https://forrt.org/apps/re-searchterms.html,https://forrt.org/apps/re-searchterms.html#definitions?term=salami_slicing,https://forrt.org/apps/re-searchterms.html#words?term=salami_slicing,https://forrt.org/apps/re-searchterms.html#terms?term=salami_slicing&mode=cooccurrence,https://forrt.org/glossary/salami_slicing
Scooping,scooping,https://forrt.org/apps/re-searchterms.html,https://forrt.org/apps/re-searchterms.html#definitions?term=scooping,https://forrt.org/apps/re-searchterms.html#words?term=scooping,https://forrt.org/apps/re-searchterms.html#terms?term=scooping&mode=cooccurrence,https://forrt.org/glossary/scooping
Semantometrics,semantometrics,https://forrt.org/apps/re-searchterms.html,https://forrt.org/apps/re-searchterms.html#definitions?term=semantometrics,https://forrt.org/apps/re-searchterms.html#words?term=semantometrics,https://forrt.org/apps/re-searchterms.html#terms?term=semantometrics&mode=cooccurrence,https://forrt.org/glossary/semantometrics
Sensitive research,sensitive_research,https://forrt.org/apps/re-searchterms.html,https://forrt.org/apps/re-searchterms.html#definitions?term=sensitive_research,https://forrt.org/apps/re-searchterms.html#words?term=sensitive_research,https://forrt.org/apps/re-searchterms.html#terms?term=sensitive_research&mode=cooccurrence,https://forrt.org/glossary/sensitive_research
Sequence-determines-credit approach (SDC),sequence_determines_credit_approach_sdc,https://forrt.org/apps/re-searchterms.html,https://forrt.org/apps/re-searchterms.html#definitions?term=sequence_determines_credit_approach_sdc,https://forrt.org/apps/re-searchterms.html#words?term=sequence_determines_credit_approach_sdc,https://forrt.org/apps/re-searchterms.html#terms?term=sequence_determines_credit_approach_sdc&mode=cooccurrence,https://forrt.org/glossary/sequence_determines_credit_approach_sdc
Single-blind peer review,single_blind_peer_review,https://forrt.org/apps/re-searchterms.html,https://forrt.org/apps/re-searchterms.html#definitions?term=single_blind_peer_review,https://forrt.org/apps/re-searchterms.html#words?term=single_blind_peer_review,https://forrt.org/apps/re-searchterms.html#terms?term=single_blind_peer_review&mode=cooccurrence,https://forrt.org/glossary/single_blind_peer_review
Slow science,slow_science,https://forrt.org/apps/re-searchterms.html,https://forrt.org/apps/re-searchterms.html#definitions?term=slow_science,https://forrt.org/apps/re-searchterms.html#words?term=slow_science,https://forrt.org/apps/re-searchterms.html#terms?term=slow_science&mode=cooccurrence,https://forrt.org/glossary/slow_science
Social class,social_class,https://forrt.org/apps/re-searchterms.html,https://forrt.org/apps/re-searchterms.html#definitions?term=social_class,https://forrt.org/apps/re-searchterms.html#words?term=social_class,https://forrt.org/apps/re-searchterms.html#terms?term=social_class&mode=cooccurrence,https://forrt.org/glossary/social_class
Social integration,social_integration,https://forrt.org/apps/re-searchterms.html,https://forrt.org/apps/re-searchterms.html#definitions?term=social_integration,https://forrt.org/apps/re-searchterms.html#words?term=social_integration,https://forrt.org/apps/re-searchterms.html#terms?term=social_integration&mode=cooccurrence,https://forrt.org/glossary/social_integration
"Society for Open, Reliable, and Transparent Ecology and Evolutionary biology (SORTEE)",society_for_open_reliable_and_transparent_ecology_and_evolutionary_biology_sortee,https://forrt.org/apps/re-searchterms.html,https://forrt.org/apps/re-searchterms.html#definitions?term=society_for_open_reliable_and_transparent_ecology_and_evolutionary_biology_sortee,https://forrt.org/apps/re-searchterms.html#words?term=society_for_open_reliable_and_transparent_ecology_and_evolutionary_biology_sortee,https://forrt.org/apps/re-searchterms.html#terms?term=society_for_open_reliable_and_transparent_ecology_and_evolutionary_biology_sortee&mode=cooccurrence,https://forrt.org/glossary/society_for_open_reliable_and_transparent_ecology_and_evolutionary_biology_sortee
Society for the Improvement of Psychological Science (SIPS),society_for_the_improvement_of_psychological_science_sips,https://forrt.org/apps/re-searchterms.html,https://forrt.org/apps/re-searchterms.html#definitions?term=society_for_the_improvement_of_psychological_science_sips,https://forrt.org/apps/re-searchterms.html#words?term=society_for_the_improvement_of_psychological_science_sips,https://forrt.org/apps/re-searchterms.html#terms?term=society_for_the_improvement_of_psychological_science_sips&mode=cooccurrence,https://forrt.org/glossary/society_for_the_improvement_of_psychological_science_sips
Specification Curve Analysis,specification_curve_analysis,https://forrt.org/apps/re-searchterms.html,https://forrt.org/apps/re-searchterms.html#definitions?term=specification_curve_analysis,https://forrt.org/apps/re-searchterms.html#words?term=specification_curve_analysis,https://forrt.org/apps/re-searchterms.html#terms?term=specification_curve_analysis&mode=cooccurrence,https://forrt.org/glossary/specification_curve_analysis
Statistical Assumptions,statistical_assumptions,https://forrt.org/apps/re-searchterms.html,https://forrt.org/apps/re-searchterms.html#definitions?term=statistical_assumptions,https://forrt.org/apps/re-searchterms.html#words?term=statistical_assumptions,https://forrt.org/apps/re-searchterms.html#terms?term=statistical_assumptions&mode=cooccurrence,https://forrt.org/glossary/statistical_assumptions
Statistical power,statistical_power,https://forrt.org/apps/re-searchterms.html,https://forrt.org/apps/re-searchterms.html#definitions?term=statistical_power,https://forrt.org/apps/re-searchterms.html#words?term=statistical_power,https://forrt.org/apps/re-searchterms.html#terms?term=statistical_power&mode=cooccurrence,https://forrt.org/glossary/statistical_power
Statistical significance,statistical_significance,https://forrt.org/apps/re-searchterms.html,https://forrt.org/apps/re-searchterms.html#definitions?term=statistical_significance,https://forrt.org/apps/re-searchterms.html#words?term=statistical_significance,https://forrt.org/apps/re-searchterms.html#terms?term=statistical_significance&mode=cooccurrence,https://forrt.org/glossary/statistical_significance
Statistical validity,statistical_validity,https://forrt.org/apps/re-searchterms.html,https://forrt.org/apps/re-searchterms.html#definitions?term=statistical_validity,https://forrt.org/apps/re-searchterms.html#words?term=statistical_validity,https://forrt.org/apps/re-searchterms.html#terms?term=statistical_validity&mode=cooccurrence,https://forrt.org/glossary/statistical_validity
StudySwap,studyswap,https://forrt.org/apps/re-searchterms.html,https://forrt.org/apps/re-searchterms.html#definitions?term=studyswap,https://forrt.org/apps/re-searchterms.html#words?term=studyswap,https://forrt.org/apps/re-searchterms.html#terms?term=studyswap&mode=cooccurrence,https://forrt.org/glossary/studyswap
Systematic Review,systematic_review,https://forrt.org/apps/re-searchterms.html,https://forrt.org/apps/re-searchterms.html#definitions?term=systematic_review,https://forrt.org/apps/re-searchterms.html#words?term=systematic_review,https://forrt.org/apps/re-searchterms.html#terms?term=systematic_review&mode=cooccurrence,https://forrt.org/glossary/systematic_review
TRUST Principles,trust_principles,https://forrt.org/apps/re-searchterms.html,https://forrt.org/apps/re-searchterms.html#definitions?term=trust_principles,https://forrt.org/apps/re-searchterms.html#words?term=trust_principles,https://forrt.org/apps/re-searchterms.html#terms?term=trust_principles&mode=cooccurrence,https://forrt.org/glossary/trust_principles
Tenzing,tenzing,https://forrt.org/apps/re-searchterms.html,https://forrt.org/apps/re-searchterms.html#definitions?term=tenzing,https://forrt.org/apps/re-searchterms.html#words?term=tenzing,https://forrt.org/apps/re-searchterms.html#terms?term=tenzing&mode=cooccurrence,https://forrt.org/glossary/tenzing
The Troubling Trio,the_troubling_trio,https://forrt.org/apps/re-searchterms.html,https://forrt.org/apps/re-searchterms.html#definitions?term=the_troubling_trio,https://forrt.org/apps/re-searchterms.html#words?term=the_troubling_trio,https://forrt.org/apps/re-searchterms.html#terms?term=the_troubling_trio&mode=cooccurrence,https://forrt.org/glossary/the_troubling_trio
Theory,theory,https://forrt.org/apps/re-searchterms.html,https://forrt.org/apps/re-searchterms.html#definitions?term=theory,https://forrt.org/apps/re-searchterms.html#words?term=theory,https://forrt.org/apps/re-searchterms.html#terms?term=theory&mode=cooccurrence,https://forrt.org/glossary/theory
Theory building,theory_building,https://forrt.org/apps/re-searchterms.html,https://forrt.org/apps/re-searchterms.html#definitions?term=theory_building,https://forrt.org/apps/re-searchterms.html#words?term=theory_building,https://forrt.org/apps/re-searchterms.html#terms?term=theory_building&mode=cooccurrence,https://forrt.org/glossary/theory_building
Transparency,transparency,https://forrt.org/apps/re-searchterms.html,https://forrt.org/apps/re-searchterms.html#definitions?term=transparency,https://forrt.org/apps/re-searchterms.html#words?term=transparency,https://forrt.org/apps/re-searchterms.html#terms?term=transparency&mode=cooccurrence,https://forrt.org/glossary/transparency
Transparency Checklist,transparency_checklist,https://forrt.org/apps/re-searchterms.html,https://forrt.org/apps/re-searchterms.html#definitions?term=transparency_checklist,https://forrt.org/apps/re-searchterms.html#words?term=transparency_checklist,https://forrt.org/apps/re-searchterms.html#terms?term=transparency_checklist&mode=cooccurrence,https://forrt.org/glossary/transparency_checklist
Triple-blind peer review,triple_blind_peer_review,https://forrt.org/apps/re-searchterms.html,https://forrt.org/apps/re-searchterms.html#definitions?term=triple_blind_peer_review,https://forrt.org/apps/re-searchterms.html#words?term=triple_blind_peer_review,https://forrt.org/apps/re-searchterms.html#terms?term=triple_blind_peer_review&mode=cooccurrence,https://forrt.org/glossary/triple_blind_peer_review
Type I error,type_i_error,https://forrt.org/apps/re-searchterms.html,https://forrt.org/apps/re-searchterms.html#definitions?term=type_i_error,https://forrt.org/apps/re-searchterms.html#words?term=type_i_error,https://forrt.org/apps/re-searchterms.html#terms?term=type_i_error&mode=cooccurrence,https://forrt.org/glossary/type_i_error
Type II error,type_ii_error,https://forrt.org/apps/re-searchterms.html,https://forrt.org/apps/re-searchterms.html#definitions?term=type_ii_error,https://forrt.org/apps/re-searchterms.html#words?term=type_ii_error,https://forrt.org/apps/re-searchterms.html#terms?term=type_ii_error&mode=cooccurrence,https://forrt.org/glossary/type_ii_error
Type M error,type_m_error,https://forrt.org/apps/re-searchterms.html,https://forrt.org/apps/re-searchterms.html#definitions?term=type_m_error,https://forrt.org/apps/re-searchterms.html#words?term=type_m_error,https://forrt.org/apps/re-searchterms.html#terms?term=type_m_error&mode=cooccurrence,https://forrt.org/glossary/type_m_error
Type S error,type_s_error,https://forrt.org/apps/re-searchterms.html,https://forrt.org/apps/re-searchterms.html#definitions?term=type_s_error,https://forrt.org/apps/re-searchterms.html#words?term=type_s_error,https://forrt.org/apps/re-searchterms.html#terms?term=type_s_error&mode=cooccurrence,https://forrt.org/glossary/type_s_error
Under-representation,under_representation,https://forrt.org/apps/re-searchterms.html,https://forrt.org/apps/re-searchterms.html#definitions?term=under_representation,https://forrt.org/apps/re-searchterms.html#words?term=under_representation,https://forrt.org/apps/re-searchterms.html#terms?term=under_representation&mode=cooccurrence,https://forrt.org/glossary/under_representation
Universal design for learning (UDL),universal_design_for_learning_udl,https://forrt.org/apps/re-searchterms.html,https://forrt.org/apps/re-searchterms.html#definitions?term=universal_design_for_learning_udl,https://forrt.org/apps/re-searchterms.html#words?term=universal_design_for_learning_udl,https://forrt.org/apps/re-searchterms.html#terms?term=universal_design_for_learning_udl&mode=cooccurrence,https://forrt.org/glossary/universal_design_for_learning_udl
Validity,validity,https://forrt.org/apps/re-searchterms.html,https://forrt.org/apps/re-searchterms.html#definitions?term=validity,https://forrt.org/apps/re-searchterms.html#words?term=validity,https://forrt.org/apps/re-searchterms.html#terms?term=validity&mode=cooccurrence,https://forrt.org/glossary/validity
Version control,version_control,https://forrt.org/apps/re-searchterms.html,https://forrt.org/apps/re-searchterms.html#definitions?term=version_control,https://forrt.org/apps/re-searchterms.html#words?term=version_control,https://forrt.org/apps/re-searchterms.html#terms?term=version_control&mode=cooccurrence,https://forrt.org/glossary/version_control
Webometrics,webometrics,https://forrt.org/apps/re-searchterms.html,https://forrt.org/apps/re-searchterms.html#definitions?term=webometrics,https://forrt.org/apps/re-searchterms.html#words?term=webometrics,https://forrt.org/apps/re-searchterms.html#terms?term=webometrics&mode=cooccurrence,https://forrt.org/glossary/webometrics
Z-Curve,z_curve,https://forrt.org/apps/re-searchterms.html,https://forrt.org/apps/re-searchterms.html#definitions?term=z_curve,https://forrt.org/apps/re-searchterms.html#words?term=z_curve,https://forrt.org/apps/re-searchterms.html#terms?term=z_curve&mode=cooccurrence,https://forrt.org/glossary/z_curve
Zenodo,zenodo,https://forrt.org/apps/re-searchterms.html,https://forrt.org/apps/re-searchterms.html#definitions?term=zenodo,https://forrt.org/apps/re-searchterms.html#words?term=zenodo,https://forrt.org/apps/re-searchterms.html#terms?term=zenodo&mode=cooccurrence,https://forrt.org/glossary/zenodo
i10-index,i10_index,https://forrt.org/apps/re-searchterms.html,https://forrt.org/apps/re-searchterms.html#definitions?term=i10_index,https://forrt.org/apps/re-searchterms.html#words?term=i10_index,https://forrt.org/apps/re-searchterms.html#terms?term=i10_index&mode=cooccurrence,https://forrt.org/glossary/i10_index
p*-hacking,p_hacking,https://forrt.org/apps/re-searchterms.html,https://forrt.org/apps/re-searchterms.html#definitions?term=p_hacking,https://forrt.org/apps/re-searchterms.html#words?term=p_hacking,https://forrt.org/apps/re-searchterms.html#terms?term=p_hacking&mode=cooccurrence,https://forrt.org/glossary/p_hacking
p*-value,p_value,https://forrt.org/apps/re-searchterms.html,https://forrt.org/apps/re-searchterms.html#definitions?term=p_value,https://forrt.org/apps/re-searchterms.html#words?term=p_value,https://forrt.org/apps/re-searchterms.html#terms?term=p_value&mode=cooccurrence,https://forrt.org/glossary/p_value
